Name,Index Year,Overall Score,Property Rights,Government Integrity,Judicial Effectiveness,Tax Burden,Government Spending,Fiscal Health,Business Freedom,Labor Freedom,Monetary Freedom,Trade Freedom,Investment Freedom,Financial Freedom
Albania,2021,65.2,46.1,40.6,22.8,89,74.6,86.6,66.1,51.6,82,82.8,70,70
Armenia,2021,71.9,57.3,45,55.3,87.1,81.3,84.3,81.9,74.5,76.9,73.8,75,70
Austria,2021,73.9,86.8,84.8,83.5,45.7,29.1,90,72.6,68.4,81.7,84,90,70
Azerbaijan,2021,70.1,67.9,46.8,55.8,88.1,65.2,99.4,80.5,65.9,73.2,68,70,60
Belarus,2021,61,58.6,39.8,40.4,92.9,55.5,96.5,75.9,75.7,70.2,76,30,20
Belgium,2021,70.1,84,81.3,70.2,46.5,18.4,78.7,80.1,61.1,82,84,85,70
Bosnia and Herzegovina,2021,62.9,44.1,42.4,33.7,93.8,49.5,97.1,48.2,67.8,84.1,69.2,65,60
Bulgaria,2021,70.4,66.2,46.8,43.6,93.9,64.7,99.2,62.9,68.5,85.2,84,70,60
Croatia,2021,63.6,68.4,51.4,41.1,79,35.8,89.6,56.2,43.6,78.7,84,75,60
Cyprus,2021,71.4,78.5,65,57.9,80.2,52.1,82,76.1,60.5,85,84,75,60
Czech Republic,2021,73.8,76.2,64.4,56.8,79.1,51.4,98.1,68.8,77.1,79.7,84,70,80
Denmark,2021,77.8,86.7,93.4,86.9,43.7,23.1,98.2,88.8,73.8,84.5,84,90,80
Estonia,2021,78.2,81.8,86.4,80.8,81,54.4,99.6,72.7,57.8,79.7,84,90,70
Finland,2021,76.1,91.9,97.2,82.2,68,14.3,91.4,85.8,50.5,83.3,84,85,80
France,2021,65.7,82.2,80.1,69.2,50.7,6.3,69,80.2,44.8,77.3,84,75,70
Georgia,2021,77.2,66.9,64.6,59.3,89.1,76.9,94.9,84.9,76.7,76.7,86,80,70
Germany,2021,72.5,78.8,81.5,69.8,60.4,40.3,92.8,82.4,53,77.2,84,80,70
Greece,2021,60.9,55.5,53.6,53.5,59.9,34.2,80,75.8,49.8,80,84,55,50
Hungary,2021,67.2,65.6,48.7,52.4,83.6,35,83.3,59.9,64.8,78.8,84,80,70
Iceland,2021,77.4,87,90.6,72.6,72.4,46.2,97.6,83.6,62,79.4,86.8,80,70
Ireland,2021,81.4,86,82,72.4,76.6,81.1,93.1,81.5,76.1,84.4,84,90,70
Italy,2021,64.9,75.7,63.7,62.3,58.1,28.9,73,68.1,50.5,84.2,84,80,50
Kosovo,2021,66.5,54.5,46.4,55.9,92.6,75,90.5,71.2,64.4,75.7,77.2,65,30
Latvia,2021,72.3,74.7,47.7,55.9,76.7,57.6,96.6,76.5,73.8,79.6,84,85,60
Liechtenstein,2021,N/A,N/A,N/A,N/A,N/A,N/A,N/A,N/A,N/A,N/A,N/A,85,80
Lithuania,2021,76.9,78.9,74.5,68.7,84.6,66.8,97.2,73.1,74.4,80.1,84,70,70
Luxembourg,2021,76,85.7,92.5,77.6,63.4,46.2,99,66.1,45.9,76.5,84,95,80
Malta,2021,70.2,68.2,55,57.3,68.6,60.9,96.3,67.6,61.8,77.1,84,85,60
Moldova,2021,62.5,60.6,38.7,29.9,94,71,96.5,66.2,39.2,71.5,76.8,55,50
Montenegro,2021,63.4,57.8,51,56.2,83.6,35.3,37.2,73.5,78,83.4,79.4,75,50
Netherlands,2021,76.8,88.9,90.6,72.8,51.7,47.7,95.3,80.5,60.1,80.4,84,90,80
North Macedonia,2021,68.6,62.6,41.9,40.4,94.9,71,87.8,77.8,65.2,78.7,77.4,65,60
Norway,2021,73.4,82.4,95.8,86.3,57.1,25.3,96.6,85.5,57.8,75.4,84,75,60
Poland,2021,69.7,63.3,65,48.9,73.9,48.1,94.6,61.6,66.1,80.8,84,80,70
Portugal,2021,67.5,74.1,68.2,68.5,60,42.4,78.2,75.9,44.1,85,84,70,60
Romania,2021,69.5,68.8,54.6,63.1,94.3,69.2,78.9,59.7,63.6,77.7,84,70,50
Russia,2021,61.5,54.4,41.7,42.4,93,66.1,99.6,84.1,55.4,67.3,74,30,30
Serbia ,2021,67.2,57.9,45,50.6,92.5,49.6,94.6,71,67.3,81.1,77.2,70,50
Slovak Republic,2021,66.3,71.5,48.8,44.4,78.4,47,93.4,55.6,52.2,74.8,84,75,70
Slovenia,2021,68.3,77.3,68.2,56.3,58.2,42.5,91.1,78.8,61.5,81.9,84,70,50
Spain,2021,69.9,76.4,70.3,65.4,61.7,48.1,69.8,66.3,57.9,83.5,84,85,70
Sweden,2021,74.7,86.6,92.5,79.1,43.6,29.5,97.6,83.2,53.9,81.5,84,85,80
Switzerland,2021,81.9,85.4,87.9,82.2,70.4,67.6,96.9,73.6,72.5,85.4,86,85,90
Turkey,2021,64,61.5,45.4,58.6,73.2,64.5,75.8,68.5,48.8,65.4,76,70,60
Ukraine,2021,56.2,48.5,37.9,41.1,88.7,48.2,87.7,63.5,48.7,65.8,79.2,35,30
United Kingdom,2021,78.4,87.6,86.5,76.7,64.9,54.8,77.3,94.4,73.2,81,84,80,80
Albania,2020,66.9,57.1,38.8,33,85.9,74.6,86.3,65.7,52.1,81.2,88.4,70,70
Armenia,2020,70.6,60.7,43.4,54.1,84.9,80.6,68.8,81,72.5,76,80.6,75,70
Austria,2020,73.3,87.3,84,73.2,51.3,27.2,87.9,73,68.3,81,86.4,90,70
Azerbaijan,2020,69.3,67.1,38.7,53.9,88,63,99.2,80.8,66.2,69.8,74.6,70,60
Belarus,2020,61.7,63.2,37.4,48.4,88.8,54.1,95.4,76.4,74.8,69.8,82,30,20
Belgium,2020,68.9,84.5,80.2,62.5,46.7,17.2,77,75.2,61.1,80.5,86.4,85,70
Bosnia and Herzegovina,2020,62.6,44.4,41.8,33.9,83.6,49.3,97.3,45.7,67.4,82.7,80,65,60
Bulgaria,2020,70.2,64.2,44.2,45.4,90.3,66.1,99.2,62.6,68.1,85.7,86.4,70,60
Croatia,2020,62.2,69.9,51,39.6,65.9,34.7,89.1,53.6,44,77.6,86.4,75,60
Cyprus,2020,70.1,77.4,57.6,50.5,74.8,58.6,80,76.6,59.7,84.3,86.4,75,60
Czech Republic,2020,74.8,76.8,64.2,49.9,82,52.7,97.8,69.7,77.6,80.8,86.4,80,80
Denmark,2020,78.3,86.3,93,84.6,42,19.7,97.7,88.7,86.2,84.6,86.4,90,80
Estonia,2020,77.7,83.2,85.9,73.7,81.1,53.3,99.9,73.5,57.3,78.6,86.4,90,70
Finland,2020,75.7,92.3,96.1,80.5,67.5,11.2,90.7,84.8,50.3,83.6,86.4,85,80
France,2020,66,85.9,83.3,71.2,48.8,4.5,67.1,82.5,46.1,76.7,81.4,75,70
Georgia,2020,77.1,68.6,64.8,57.9,87.1,73.6,94.4,85.3,76.3,78.3,88.6,80,70
Germany,2020,73.5,80.5,82.8,74.3,60.9,42.2,92.9,82.8,53,76.7,86.4,80,70
Greece,2020,59.9,57,51.2,48.6,59,31.5,80,73.7,52,79.4,81.4,55,50
Hungary,2020,66.4,64.8,47.5,45.7,79.9,34.5,83.6,60.2,64.6,79.9,86.4,80,70
Iceland,2020,77.1,87.6,90.3,63.2,71.7,44.1,97.5,84.7,63.5,80.3,86.8,85,70
Ireland,2020,80.9,86.6,82.8,64.4,76.4,78.8,91.4,82.7,75.9,85.3,86.4,90,70
Italy,2020,63.8,75.4,62.2,51.3,56,28.5,71.1,70.4,50.9,83.2,86.4,80,50
Kosovo,2020,67.4,66.3,39.2,54.1,92.6,76.5,94,75,61,78.4,76.2,65,30
Latvia,2020,71.9,72.3,46.4,51.1,76.9,58.3,96.5,77,72.4,80.2,86.4,85,60
Liechtenstein,2020,N/A,N/A,N/A,N/A,N/A,N/A,N/A,N/A,N/A,N/A,N/A,85,80
Lithuania,2020,76.7,77.9,67.4,62.1,84.9,66,97.4,71.9,76.5,79.7,86.4,80,70
Luxembourg,2020,75.8,86.4,90.3,74.4,64.1,45.4,99,66.8,45.3,76.4,86.4,95,80
Malta,2020,69.5,70.5,55.1,49.6,64.8,60,95.9,68,61.1,77.1,86.4,85,60
Moldova,2020,62,60.5,37.2,31.7,86.1,71.6,96.2,68.1,37,72,78,55,50
Montenegro,2020,61.5,59.1,47.5,55.3,85.4,32.1,23.4,70.8,74.8,80.3,83.8,75,50
Netherlands,2020,77,90,90.1,73.9,51.7,45.2,94.1,80.4,60.2,82.5,86.4,90,80
North Macedonia,2020,69.5,62.5,42.2,42.7,91.5,71,87.7,80.6,67,77.7,86.2,65,60
Norway,2020,73.4,84.3,95.6,82.8,57.7,25.6,97.3,86.1,57.4,74.8,83.8,75,60
Poland,2020,69.1,63.1,64.6,42.8,74.7,48.8,92.2,62.6,62,82,86.4,80,70
Portugal,2020,67,75.4,68.9,65.6,59.6,39.8,74.4,76.5,44.1,83,86.4,70,60
Romania,2020,69.7,72.5,55.1,56.1,90.3,70.4,85.6,58.6,63,78.1,86.4,70,50
Russia,2020,61,56.8,41.3,44.4,88.5,63.8,98.7,80.2,52.1,68.2,77.8,30,30
Serbia ,2020,66,55.4,44,46.8,83.7,49.7,94.1,72.6,66.9,80.7,78,70,50
Slovak Republic,2020,66.8,73.1,49.7,41.7,78.5,50.2,92.6,55.3,52.6,75.9,86.4,75,70
Slovenia,2020,67.8,76.5,67.4,48.6,59.2,42.9,90.3,78.4,61.4,82.2,86.4,70,50
Spain,2020,66.9,74.9,55.1,51.8,62.1,48.3,62.6,66.8,57.7,82,86.4,85,70
Sweden,2020,74.9,88.8,91.4,79.9,43.6,25.8,97,85.3,53.8,81.2,86.4,85,80
Switzerland,2020,82,87.4,90.1,81.5,70.1,65.3,96.7,74.2,72.4,84.4,86.6,85,90
Turkey,2020,64.4,57.4,44.6,53.7,76.7,64.1,86.1,67,49.2,66.1,78,70,60
Ukraine,2020,54.9,47.5,37.9,42.2,81.1,47.2,83.9,61.3,48.3,63,81.2,35,30
United Kingdom,2020,79.3,92.2,89.9,82.7,64.7,49.5,78.1,94.7,73.1,80.3,86.4,80,80
Albania,2019,66.5,54.8,40.4,30.6,86.3,73.9,80.6,69.3,52.7,81.5,87.8,70,70
Armenia,2019,67.7,57.2,38.6,46.3,84.7,79,53,78.3,71.4,77.8,80.8,75,70
Austria,2019,72,84.2,77.4,71.3,50.5,24.5,85.5,74.9,68.7,81.5,86,90,70
Azerbaijan,2019,65.4,59.1,44.7,53.1,87.5,59.5,89.4,69.5,63.9,63,74.6,60,60
Belarus,2019,57.9,55.2,37.7,51.7,89.4,41.3,85.4,75,75.3,67,76.4,30,10
Belgium,2019,67.3,81.3,72.5,61.6,47.1,15.2,73.4,78.1,61,76.1,86,85,70
Bosnia and Herzegovina,2019,61.9,40.2,30.2,37.9,84.3,46.1,96.6,49.7,67,83.1,82.6,65,60
Bulgaria,2019,69,62.5,35.1,41.9,90.2,63.9,98.8,62.7,68.4,88,86,70,60
Croatia,2019,61.4,66,38.6,42.9,66.4,33.4,85.4,60.7,44,78.5,86,75,60
Cyprus,2019,68.1,73.1,43.7,48.1,74.9,55.2,80.3,76.9,59.5,84,86,75,60
Czech Republic,2019,73.7,74.8,52.1,47.6,82.6,52.1,97.6,72.4,78.1,81.5,86,80,80
Denmark,2019,76.7,86.2,85.8,77.8,42,14.4,96.7,90.7,86.4,84.1,86,90,80
Estonia,2019,76.6,81.5,73.1,76,79.9,51.1,99.8,75.3,57.2,79.6,86,90,70
Finland,2019,74.9,89.6,92.5,81.2,66.8,7.2,86.4,89.4,50.3,84.8,86,85,80
France,2019,63.8,82.5,67.9,66.1,48.4,3.9,64.9,81.2,45.2,79.1,81,75,70
Georgia,2019,75.9,65.9,58.5,54.6,87.1,73.6,93.9,85.8,76.6,76,88.6,80,70
Germany,2019,73.5,79.9,81.3,75.4,60.8,42.3,91.8,83.3,52.8,77.9,86,80,70
Greece,2019,57.7,52.4,37.7,49.5,59.1,23.3,79,74.1,52.5,79.1,81,55,50
Hungary,2019,65,60.9,35.3,45.2,78.6,31.7,85,61.1,64.7,81.8,86,80,70
Iceland,2019,77.1,87.4,83.8,63.8,72.7,44,96.7,88.4,64.1,81.7,87,85,70
Ireland,2019,80.5,85.8,78,68.4,76.3,77.4,89,83.1,75.3,87,86,90,70
Italy,2019,62.2,71.7,43.7,49.8,55.6,26.5,71.3,71.7,51.1,84,86,85,50
Kosovo,2019,67,57.2,44.7,53.5,92.5,77.7,96,73.8,64.9,78.3,70.8,65,30
Latvia,2019,70.4,67.3,35.5,48.4,77,57.1,96.9,77.5,73.3,81.1,86,85,60
Liechtenstein,2019,N/A,N/A,N/A,N/A,N/A,N/A,N/A,N/A,N/A,N/A,N/A,85,80
Lithuania,2019,74.2,73.6,47.8,61.2,86.4,65.1,97.3,75.2,63.6,84.6,86,80,70
Luxembourg,2019,75.9,83,85.8,72.4,65.4,46.6,98.9,68.8,45.9,82.6,86,95,80
Malta,2019,68.6,69.8,50.3,50.4,64.2,56.1,94.5,67.1,61.3,78.2,86,85,60
Moldova,2019,59.1,55.2,25.4,29.6,85.4,59.1,92,67,39,73.5,78,55,50
Montenegro,2019,60.5,55.4,39.5,51.8,85.3,32.6,23.2,73.3,73.4,81.6,84.7,75,50
Netherlands,2019,76.8,88,89.1,74.7,51.6,42.9,93.3,81.4,60.3,84,86,90,80
North Macedonia,2019,71.1,65.1,44.7,60.7,91.8,70,82.9,80.2,71.5,78.7,82,65,60
Norway,2019,73,86.1,92.3,81.2,57.4,25.3,97.3,89.4,53.7,75.4,83.2,75,60
Poland,2019,67.8,62.3,49.8,44,74.9,48.8,86.4,65.4,63.9,82.1,86,80,70
Portugal,2019,65.3,71.5,59.5,64.3,59.9,35.6,69.8,79.7,44.3,83,86,70,60
Romania,2019,68.6,66.7,39.8,51.9,89.7,69,89.3,63.1,64.5,82.7,86,70,50
Russia,2019,58.9,52.4,36.6,45.1,89.4,62.3,86.6,78.4,52.5,65.1,77.8,30,30
Serbia ,2019,63.9,50.1,37.2,44.8,82,45.1,90.1,72.9,67.4,80,77,70,50
Slovak Republic,2019,65,68.5,37.7,37.2,78.6,46.1,87.2,61.3,53.4,78.6,86,75,70
Slovenia,2019,65.5,76.4,53.6,46.5,58.4,38.3,82.6,79.3,61.2,83.6,86,70,50
Spain,2019,65.7,72.9,51.9,51.4,62.3,46.2,51.1,66.8,57.8,87.5,86,85,70
Sweden,2019,75.2,89.5,88,84,43.2,26.7,96.6,88,53.9,82,86,85,80
Switzerland,2019,81.9,85.3,88,82,70.5,64.8,96.3,75.4,72.5,85.2,87.4,85,90
Turkey,2019,64.6,55.8,41.2,49.8,76.4,65.1,92.2,66,49.2,70,79.6,70,60
Ukraine,2019,52.3,43.9,29.6,31.5,81.8,46.9,82.6,66.1,46.7,58.6,75,35,30
United Kingdom,2019,78.9,92.3,83.8,85.9,64.7,48.2,68.6,92.9,73.5,81.2,86,90,80
Albania,2018,64.5,54.1,39.9,25.4,85.1,72.7,67.5,69.1,50.4,82.4,87.8,70,70
Armenia,2018,68.7,55.3,40.5,47.4,84.7,80,67.2,78.7,69.9,75.8,80,75,70
Austria,2018,71.8,83.5,73.5,80.9,49.9,19.4,81.1,75.5,66.7,83.7,86.9,90,70
Azerbaijan,2018,64.3,53.6,39.9,36.8,87.5,59.4,95.5,72.3,71.9,65.6,74.6,55,60
Belarus,2018,58.1,53.5,42,57.3,89.8,47.9,75.4,74.1,73.1,62.3,81.4,30,10
Belgium,2018,67.5,81.2,70.9,69.5,44,12.1,67.9,80.6,59.5,82.6,86.9,85,70
Bosnia and Herzegovina,2018,61.4,39.5,28.4,43.7,83.5,41.5,94.4,49.3,59.6,83.5,87.8,65,60
Bulgaria,2018,68.3,63.6,38.2,42.5,90.9,60.5,94.3,64.3,66.1,82.8,86.9,70,60
Croatia,2018,61,65.9,40.5,56.5,66,32.5,67.2,58.9,43,79.1,87.4,75,60
Cyprus,2018,67.8,71.2,41.3,56.7,75.2,52.9,79.3,77,55.7,83,86.9,75,60
Czech Republic,2018,74.2,73,51.1,57.9,82.9,48.6,96.2,72.5,76.8,85.2,86.9,80,80
Denmark,2018,76.6,84.8,84.1,83.6,41.4,10.6,96.7,92.5,82.8,86.4,86.9,90,80
Estonia,2018,78.8,80.4,75.7,83.9,80.7,52.6,99.8,75.6,54.8,85.1,86.9,90,80
Finland,2018,74.1,89,89.8,82.7,66.5,2.3,81.1,89.9,50.5,86,86.9,85,80
France,2018,63.9,84,65.1,72.7,47.3,2.7,60.8,80.2,45,81.6,81.9,75,70
Georgia,2018,76.2,62.8,61.8,64.2,87,73.3,91.8,86.9,77.3,79.6,89.4,80,60
Germany,2018,74.2,81,75.3,78,61.3,41.3,90.8,86.1,53.3,86.2,86.9,80,70
Greece,2018,57.3,52.3,37.9,59,60.4,20.9,70.5,74.4,54.4,81,81.9,55,40
Hungary,2018,66.7,57.6,36.4,57.1,78.6,29.4,82.4,61.8,68.7,91.6,86.9,80,70
Iceland,2018,77,86.7,77.3,72.6,72.1,44.2,94.3,89.5,61.8,81.7,88.5,85,70
Ireland,2018,80.4,87.7,79,79,76.1,69.6,80.8,81.8,76.4,87.4,86.9,90,70
Italy,2018,62.5,71.2,40.1,60.9,55.2,24.1,68.2,70.3,50.3,88.2,86.9,85,50
Kosovo,2018,66.6,52.3,45.4,59,93.2,77.9,92.8,72.6,58.3,81.2,70.8,65,30
Latvia,2018,73.6,68.3,45.4,58.9,84,59,95.3,80.1,72.5,87.3,86.9,85,60
Liechtenstein,2018,N/A,N/A,N/A,N/A,N/A,N/A,N/A,N/A,N/A,N/A,90,85,80
Lithuania,2018,75.3,73.8,50.9,66.7,86.4,63.9,96.7,73.4,64.5,89.9,86.9,80,70
Luxembourg,2018,76.4,82.7,79,77.9,65.1,48.5,99,69.2,46.2,87.6,86.9,95,80
Malta,2018,68.5,68.1,49.9,62.8,64.7,51,90,64,61.1,78.8,86.9,85,60
Moldova,2018,58.4,53.5,26.6,26.3,85.3,56.7,90,66,39.9,73.2,78.3,55,50
Montenegro,2018,64.3,54.2,38.1,51.3,85.2,35.7,69.1,72.9,70.9,84.9,84.7,75,50
Netherlands,2018,76.2,87.9,86,74.1,52.5,39.1,88.2,80.5,61.5,87.5,86.9,90,80
North Macedonia,2018,71.3,64.8,47.4,57,91.6,70.3,78.1,82.9,69,81.8,87.8,65,60
Norway,2018,74.3,86.4,93.6,86,56.4,29.2,97.8,90.4,54.6,73.9,87.9,75,60
Poland,2018,68.5,61.8,50.9,56.6,75.9,47.8,81.5,67.2,63.9,85,86.9,75,70
Portugal,2018,63.4,69.2,56.8,70.1,59.8,29.8,46,83.2,44.1,85.3,86.9,70,60
Romania,2018,69.4,61,40,59.7,87.3,66.9,91.1,65.2,66.8,82.8,86.9,75,50
Russia,2018,58.2,48.7,38.1,46.9,85.8,62.5,87.7,77,52,60.8,79.4,30,30
Serbia ,2018,62.5,46.2,36.5,48.2,83.5,40.6,67,68.3,69.2,82.9,87.4,70,50
Slovak Republic,2018,65.3,68.2,38.2,38.8,78.9,44.3,84.9,63.9,54,81,86.9,75,70
Slovenia,2018,64.8,76.6,52.1,57.7,58.7,31.2,66.3,79.5,61.3,87.3,86.9,70,50
Spain,2018,65.1,73.1,51.5,62,62,42.8,36.1,66.3,59,86.7,86.9,85,70
Sweden,2018,76.3,92.6,92.9,88.2,43.9,23.2,96.1,89.3,53.7,83.8,86.9,85,80
Switzerland,2018,81.7,84.2,82.8,82.1,70.5,65.4,95.9,75.7,73.9,85.2,90,85,90
Turkey,2018,65.4,54.7,42,54.5,74.7,68.1,93.6,63.3,47.6,72.3,78.6,75,60
Ukraine,2018,51.9,41,29,29.5,80.2,45,75.9,62.7,52.8,60.1,81.1,35,30
United Kingdom,2018,78,92.2,79,93.8,65.2,44.4,53.5,91.1,74.4,85.2,86.9,90,80
Albania,2017,64.4,54,39.7,28.5,86.9,72.5,51.5,79.3,50.7,81.4,87.7,70,70
Armenia,2017,70.3,55.5,43.4,42.5,83.7,81.7,82.9,78.5,72.4,72.8,80.2,80,70
Austria,2017,72.3,86,75.2,81.8,50.3,19.3,79.7,76.9,67.6,83.4,87,90,70
Azerbaijan,2017,63.6,50.5,37.6,33,87.7,57.5,97.4,71.5,75,73.6,74.4,55,50
Belarus,2017,58.6,50.9,37.6,56.3,89.8,48.7,92.8,71.3,74.6,60.4,80.6,30,10
Belgium,2017,67.8,83.3,71.5,69.3,44.1,9.6,66.3,82,61.1,84.9,87,85,70
Bosnia and Herzegovina,2017,60.2,41.2,32.7,40,83.5,33.7,89.3,47.4,59.3,84,86.6,65,60
Bulgaria,2017,67.9,62.5,41.8,38.9,91,58.4,86.4,66.7,68.3,83.3,87,70,60
Croatia,2017,59.4,65.5,43.4,56.8,66.8,31.3,44.7,58.2,43.3,80.3,87.4,75,60
Cyprus,2017,67.9,75.4,53.6,60.7,73,48.8,72.9,75.8,58.6,83.3,87,75,50
Czech Republic,2017,73.3,70.3,55.9,55.9,82.9,45.3,92,67.2,77.7,85.8,87,80,80
Denmark,2017,75.1,86.7,84.9,68.5,37.2,5.7,95.4,93.9,85.8,85.5,87,90,80
Estonia,2017,79.1,82.6,69.9,82.8,81.2,55.8,99.8,77,56.9,85.7,87,90,80
Finland,2017,74,90.6,90,82.7,66.6,0,77.3,90.2,53.4,85.1,87,85,80
France,2017,63.3,85,69.7,72.7,47.6,2,57,78,44.1,81.6,82,70,70
Georgia,2017,76,55.1,65,66.5,87.3,74.4,93.5,87.2,75.9,78.2,88.6,80,60
Germany,2017,73.8,82.9,77.7,79.5,61.9,41.4,89.9,86.6,42.8,85.9,87,80,70
Greece,2017,55,52.5,41.3,56.1,61.1,5.4,58.1,74.3,51,78.2,82,60,40
Hungary,2017,65.8,60.1,41.5,51.8,79.3,25.3,79.3,64,64.4,91.7,87,75,70
Iceland,2017,74.4,85,71.5,71.5,70.9,41.1,90.6,90.2,62.6,81.2,88,80,60
Ireland,2017,76.7,85.8,78.3,78.3,72.7,57.1,60.3,80.3,73.6,87.6,87,90,70
Italy,2017,62.5,74.6,44.7,55.4,54.9,22.3,66.9,69.8,52.9,86.9,87,85,50
Kosovo,2017,67.9,70.3,45.9,58,93.5,77.8,88.9,68.8,65.3,80,70.8,65,30
Latvia,2017,74.8,72.6,67.3,59.7,84.7,57.4,95,79.8,72,86.5,87,75,60
Liechtenstein,2017,N/A,N/A,N/A,N/A,N/A,N/A,N/A,92.3,85.7,N/A,90,85,80
Lithuania,2017,75.8,73,69.7,62.4,86.9,64.1,93.6,79.1,63.6,90,87,70,70
Luxembourg,2017,75.9,85.8,78.3,77,64.5,46,99,68.6,43.8,86.2,87,95,80
Malta,2017,67.7,67.7,53.6,62.9,62.8,44.9,85.1,62.5,57.2,83.5,87,85,60
Moldova,2017,58,49.6,28.6,23.9,86.1,54.8,90.6,65.9,38.9,72,80,55,50
Montenegro,2017,62,58,43.4,50.4,83.1,33.1,44.3,72,67.4,82.5,84.7,75,50
Netherlands,2017,75.8,87.4,85.7,69.9,53.2,37,83,80.2,70.5,85.8,87,90,80
North Macedonia,2017,70.7,67,52,61.4,91.9,68.9,72.6,81.5,66.7,80.8,86.1,60,60
Norway,2017,74,86.7,88.3,83.3,55.6,38.5,98.4,89.5,48.8,75.8,87.7,75,60
Poland,2017,68.3,60.8,55.5,58,76,46.9,76.1,67.8,61.5,84.7,87,75,70
Portugal,2017,62.6,73.3,59,68.9,59.8,25.1,32.1,86.4,43.4,85.9,87,70,60
Romania,2017,69.7,63.9,45.9,58.5,87.4,65.3,90.9,65.9,62.5,83.6,87,75,50
Russia,2017,57.1,47.6,38.2,44.5,81.8,61.5,93.4,74.8,50.8,57.3,75.2,30,30
Serbia ,2017,58.9,50.3,38.2,40.2,83.3,40.3,46.9,62.9,65.9,80.8,77.8,70,50
Slovak Republic,2017,65.7,69,39.6,38,79.7,47.2,82.9,64.9,54.4,81.1,87,75,70
Slovenia,2017,59.2,75,53.6,55.1,58.7,28.6,6.1,80.6,60.2,85.3,87,70,50
Spain,2017,63.6,71.2,57.2,53.9,62.5,41.4,26.9,66.9,55.3,85.5,87,85,70
Sweden,2017,74.9,88.6,87.4,82.2,44.4,21.7,93.4,90.8,53.2,85.3,87,85,80
Switzerland,2017,81.5,86.9,80.3,77.6,70.9,67.5,95.8,76.8,72.2,84.4,90,85,90
Turkey,2017,65.2,61.3,40.7,52.5,75.5,57.7,95.7,64.3,48.5,72.2,79.4,75,60
Ukraine,2017,48.1,41.4,29.2,22.6,78.6,38.2,67.9,62.1,48.8,47.4,85.9,25,30
United Kingdom,2017,76.4,93.8,78.3,93,65.1,41.9,40.4,89.9,72.8,85,87,90,80
Albania,2016,65.9,35,33,N/A,87.8,75,N/A,67.6,51.5,81.7,87.6,70,70
Armenia,2016,67,20,37,N/A,83.8,80.7,N/A,77.5,62.2,72.8,85.6,80,70
Austria,2016,71.7,90,72,N/A,50.7,22.4,N/A,79.4,72.5,81.7,88,90,70
Azerbaijan,2016,60.2,20,29,N/A,88,56.7,N/A,70.3,75.2,77,75.8,60,50
Belarus,2016,48.8,20,31,N/A,88.6,44.8,N/A,69,74.9,50.4,79,20,10
Belgium,2016,68.4,80,76,N/A,44.2,11,N/A,85.4,60.5,84,88,85,70
Bosnia and Herzegovina,2016,58.6,20,39,N/A,83.9,33.1,N/A,54.6,59.4,84.3,87,65,60
Bulgaria,2016,65.9,30,43,N/A,91.1,60.4,N/A,66.9,71.6,82.6,88,65,60
Croatia,2016,59.1,35,48,N/A,70.8,33.7,N/A,60.3,42.4,78.7,87.4,75,60
Cyprus,2016,68.7,70,63,N/A,76.1,47.3,N/A,74.5,58.2,85.3,88,75,50
Czech Republic,2016,73.2,75,51,N/A,82.5,47.3,N/A,66.6,77.7,84.1,88,80,80
Denmark,2016,75.3,95,92,N/A,39.5,2.3,N/A,95.4,86,84.4,88,90,80
Estonia,2016,77.2,90,69,N/A,81.9,54.9,N/A,79,57.2,82.2,88,90,80
Finland,2016,72.6,90,89,N/A,66.5,0.8,N/A,90.7,53.7,81.9,88,85,80
France,2016,62.3,80,69,N/A,47.7,2.5,N/A,78.4,43.5,79.1,83,70,70
Georgia,2016,72.6,40,52,N/A,87.6,75.3,N/A,86.5,75.7,80.5,88.6,80,60
Germany,2016,74.4,90,79,N/A,61.5,41.3,N/A,90,50.6,83.3,88,90,70
Greece,2016,53.2,40,43,N/A,64.4,0,N/A,73.8,50.2,77.7,83,60,40
Hungary,2016,66,45,54,N/A,78.7,26.7,N/A,70.6,63.8,88.3,88,75,70
Iceland,2016,73.3,90,79,N/A,73.3,42.1,N/A,90.1,61.6,79.5,87.8,70,60
Ireland,2016,77.3,90,74,N/A,73.6,50.3,N/A,79.6,72.1,85.5,88,90,70
Italy,2016,61.2,50,43,N/A,55.8,22.1,N/A,70.3,53,84.5,88,85,60
Kosovo,2016,61.4,30,33,N/A,93.6,76.8,N/A,69.3,66.3,78.9,70.8,65,30
Latvia,2016,70.4,50,55,N/A,84.8,58.4,N/A,78.6,59.5,84.8,88,85,60
Liechtenstein,2016,N/A,N/A,N/A,N/A,N/A,N/A,N/A,N/A,N/A,N/A,90,85,80
Lithuania,2016,75.2,65,58,N/A,92.9,63.8,N/A,80,60,84.6,88,80,80
Luxembourg,2016,73.9,90,82,N/A,61.1,43,N/A,73.7,42.6,83.2,88,95,80
Malta,2016,66.7,70,55,N/A,63.9,46.5,N/A,61.6,53.5,83.5,88,85,60
Moldova,2016,57.4,40,35,N/A,85.4,55.6,N/A,64.6,39.3,76,73.6,55,50
Montenegro,2016,64.9,40,42,N/A,91.6,39.8,N/A,76.6,72,82.6,84.8,70,50
Netherlands,2016,74.6,90,83,N/A,52.7,34.4,N/A,80,64,83.4,88,90,80
North Macedonia,2016,67.5,35,45,N/A,92.1,69.6,N/A,76.4,66.7,83.5,86.4,60,60
Norway,2016,70.8,90,86,N/A,53.2,41.8,N/A,89.6,48.5,76.2,87.8,75,60
Poland,2016,69.3,65,61,N/A,75.5,46.5,N/A,68.7,58,85.2,88,75,70
Portugal,2016,65.1,70,63,N/A,60.5,24.8,N/A,85.3,43.5,85.7,88,70,60
Romania,2016,65.6,35,43,N/A,87.5,65.6,N/A,66.1,65.1,81.1,88,75,50
Russia,2016,50.6,20,27,N/A,82.2,56.2,N/A,72.2,57.6,62.9,72.4,25,30
Serbia ,2016,62.1,50,41,N/A,84.3,44.1,N/A,60.2,66.2,77.5,77.8,70,50
Slovak Republic,2016,66.6,50,50,N/A,80.1,49.5,N/A,68.4,55,79.5,88,75,70
Slovenia,2016,60.6,60,58,N/A,58.6,0,N/A,82,55.4,84.3,88,70,50
Spain,2016,68.5,70,60,N/A,58.3,41.1,N/A,76,51.7,84.7,88,85,70
Sweden,2016,72,90,87,N/A,44.4,14.9,N/A,89.7,53.5,87.1,88,85,80
Switzerland,2016,81,90,86,N/A,70.9,66.3,N/A,82.2,72.1,87.8,90,85,80
Turkey,2016,62.1,40,45,N/A,75.2,55.6,N/A,65.4,48.6,71.5,84.4,75,60
Ukraine,2016,46.8,25,26,N/A,78.6,30.6,N/A,56.8,47.9,66.9,85.8,20,30
United Kingdom,2016,76.4,90,78,N/A,64.9,39,N/A,86,71.8,76.4,88,90,80
Albania,2015,65.7,30,31,N/A,87.2,76.1,N/A,70.6,52.9,80.8,87.8,70,70
Armenia,2015,67.1,20,36,N/A,84.4,82.8,N/A,82.7,64.3,70.6,85.4,75,70
Austria,2015,71.2,90,69,N/A,50.1,19.8,N/A,78,76.7,80.3,88,90,70
Azerbaijan,2015,61,20,28,N/A,88.1,59.7,N/A,74.5,79.1,79.8,76,55,50
Belarus,2015,49.8,20,29,N/A,86.4,54.7,N/A,72,80.1,44.5,81,20,10
Belgium,2015,68.8,80,75,N/A,43.6,10.2,N/A,90.7,63.7,81.7,88,85,70
Bosnia and Herzegovina,2015,59,20,42,N/A,82.9,27.3,N/A,53.5,63.4,84,87.2,70,60
Bulgaria,2015,66.8,30,41,N/A,91,64.5,N/A,68.5,76.6,83.2,88,65,60
Croatia,2015,61.5,40,48,N/A,74.9,46.5,N/A,55.8,42.8,80,87.2,80,60
Cyprus,2015,67.9,70,63,N/A,79.5,36.7,N/A,79.5,59.6,82.7,88,70,50
Czech Republic,2015,72.5,75,48,N/A,81.5,40.6,N/A,68.2,82.9,81.2,88,80,80
Denmark,2015,76.3,95,91,N/A,39.6,1.8,N/A,97.4,92.1,87.6,88,90,80
Estonia,2015,76.8,90,68,N/A,80.6,53.2,N/A,81.5,58.7,77.6,88,90,80
Finland,2015,73.4,90,89,N/A,66.4,3.6,N/A,92.6,54.8,79.9,88,90,80
France,2015,62.5,80,71,N/A,47.5,2.5,N/A,80.2,43.5,77.5,83,70,70
Georgia,2015,73,40,49,N/A,87.2,73.8,N/A,88.6,79.9,82.7,88.6,80,60
Germany,2015,73.8,90,78,N/A,60.8,40.1,N/A,88.2,51.2,81.5,88,90,70
Greece,2015,54,40,40,N/A,64.2,0,N/A,73.3,51.6,77.8,83,60,50
Hungary,2015,66.8,55,54,N/A,78.7,25.9,N/A,74.5,67.7,79.2,88,75,70
Iceland,2015,72,90,78,N/A,72,32.6,N/A,90.5,62.2,77,88,70,60
Ireland,2015,76.6,85,72,N/A,73.6,45.6,N/A,82.1,76.2,83.9,88,90,70
Italy,2015,61.7,55,43,N/A,54.2,23.2,N/A,71.9,55.4,81.2,88,85,60
Kosovo,2015,N/A,30,33,N/A,N/A,73.9,N/A,66.8,72.1,74.9,N/A,65,N/A
Latvia,2015,69.7,50,53,N/A,84.4,59.2,N/A,82.1,61.5,83.8,88,85,50
Liechtenstein,2015,N/A,N/A,N/A,N/A,N/A,N/A,N/A,N/A,N/A,N/A,90,85,80
Lithuania,2015,74.7,60,57,N/A,92.9,61.3,N/A,84.9,62,81.2,88,80,80
Luxembourg,2015,73.2,90,80,N/A,62.3,42.2,N/A,71.3,42.1,80.7,88,95,80
Malta,2015,66.5,75,56,N/A,63.1,44.4,N/A,61,55.6,81.8,88,80,60
Moldova,2015,57.5,40,35,N/A,85.1,51.8,N/A,66.8,40.6,76.1,79.8,50,50
Montenegro,2015,64.7,40,44,N/A,92.6,36.7,N/A,77.1,77.5,79.7,84.8,65,50
Netherlands,2015,73.7,90,83,N/A,51.8,23.8,N/A,84.3,66.3,79.8,88,90,80
North Macedonia,2015,67.1,35,44,N/A,91.4,65.6,N/A,79.2,70.7,79,86.2,60,60
Norway,2015,71.8,90,86,N/A,52.1,43.8,N/A,92.1,48.2,81.7,89.4,75,60
Poland,2015,68.6,60,60,N/A,82.1,47.1,N/A,67.3,60.4,81.3,88,70,70
Portugal,2015,65.3,70,62,N/A,61.1,28.8,N/A,87.5,42.9,82.8,88,70,60
Romania,2015,66.6,40,43,N/A,86.9,62.3,N/A,69.8,68.6,77.3,88,80,50
Russia,2015,52.1,20,28,N/A,86.1,57.8,N/A,76.3,58.9,63.9,75,25,30
Serbia ,2015,60,45,42,N/A,82.4,27.1,N/A,57.8,70.4,72.2,78.2,75,50
Slovak Republic,2015,67.2,50,47,N/A,80.8,55.1,N/A,69.6,56.5,75.5,88,80,70
Slovenia,2015,60.3,60,57,N/A,58.1,0,N/A,81.2,57.1,81.3,88,70,50
Spain,2015,67.6,70,59,N/A,53.1,39.8,N/A,77.5,52.6,81.3,88,85,70
Sweden,2015,72.7,90,89,N/A,43,19.2,N/A,87.9,54,85.5,88,90,80
Switzerland,2015,80.5,90,85,N/A,70.3,65.1,N/A,78.1,75.3,86.3,90,85,80
Turkey,2015,63.2,45,50,N/A,76.1,57.6,N/A,61,50.2,72.4,84.6,75,60
Ukraine,2015,46.9,20,25,N/A,78.7,28,N/A,59.3,48.2,78.6,85.8,15,30
United Kingdom,2015,75.8,90,76,N/A,62.9,30.3,N/A,91.1,75.6,74.4,88,90,80
Albania,2014,66.9,30,30.4,N/A,92.7,75.6,N/A,78.1,49.7,80,87.5,75,70
Armenia,2014,68.9,30,26.7,N/A,86.5,81.3,N/A,83.1,78.5,77,85.5,70,70
Austria,2014,72.4,90,75.5,N/A,51,23.5,N/A,76.3,80.5,79.5,87.8,90,70
Azerbaijan,2014,61.3,20,22.7,N/A,88.1,64.8,N/A,73.5,77.9,78.8,77.2,60,50
Belarus,2014,50.1,20,24.6,N/A,89.2,61.2,N/A,73.4,77.7,33.9,81.4,30,10
Belgium,2014,69.9,80,74.2,N/A,44.8,14.8,N/A,89.9,72.7,79.5,87.8,85,70
Bosnia and Herzegovina,2014,58.4,20,33.9,N/A,82.9,27.4,N/A,55.5,62.4,80.1,86.9,75,60
Bulgaria,2014,65.7,30,35.2,N/A,91.2,64.5,N/A,73.5,80.2,79.6,87.8,55,60
Croatia,2014,60.4,40,41.1,N/A,69.4,45.8,N/A,61.4,39.4,79.2,87.4,80,60
Cyprus,2014,67.6,70,64,N/A,79.7,36.2,N/A,79.7,70.2,78.8,82.8,65,50
Czech Republic,2014,72.2,70,45.3,N/A,81.7,43.8,N/A,70.1,84,79.4,87.8,80,80
Denmark,2014,76.1,90,93.7,N/A,39.3,0.5,N/A,98.1,91.2,80,87.8,90,90
Estonia,2014,75.9,90,64.2,N/A,80.4,56,N/A,77.6,55.9,76.9,87.8,90,80
Finland,2014,73.4,90,93.4,N/A,65.1,8.9,N/A,93.6,46.5,78.9,87.8,90,80
France,2014,63.5,80,69.9,N/A,48.4,5.6,N/A,79.9,51.8,76.1,82.8,70,70
Georgia,2014,72.6,40,42.8,N/A,87.3,69.7,N/A,87.8,91.2,78.4,88.6,80,60
Germany,2014,73.4,90,80.1,N/A,61.2,38.2,N/A,89.9,46.4,80.8,87.8,90,70
Greece,2014,55.7,40,33.2,N/A,65.9,19.2,N/A,75.8,53.9,76.3,82.8,60,50
Hungary,2014,67,60,48.6,N/A,81.1,26.8,N/A,79.3,65.7,75.6,87.8,75,70
Iceland,2014,72.4,90,84.2,N/A,72.9,32.9,N/A,91.2,59.1,76,87.9,70,60
Ireland,2014,76.2,90,74.8,N/A,74,30.6,N/A,83.4,79.5,81.7,87.8,90,70
Italy,2014,60.9,50,38.5,N/A,55.5,25.6,N/A,75.5,52.5,78.9,87.8,85,60
Kosovo,2014,N/A,30,28.6,N/A,92.7,73,N/A,58.1,71.3,72.7,N/A,65,N/A
Latvia,2014,68.7,50,43.6,N/A,84.6,54.9,N/A,82.5,68.5,79.7,87.8,85,50
Liechtenstein,2014,N/A,N/A,N/A,N/A,N/A,N/A,N/A,N/A,N/A,N/A,90,85,80
Lithuania,2014,73,60,49.9,N/A,92.9,55.9,N/A,85.7,59,78.6,87.8,80,80
Luxembourg,2014,74.2,90,84.1,N/A,62.8,47.6,N/A,72.6,43.1,78.9,87.8,95,80
Malta,2014,66.4,75,55.8,N/A,63.7,47.2,N/A,62.4,53.2,79.1,87.8,80,60
Moldova,2014,57.3,40,29.5,N/A,85.8,54.4,N/A,70.1,37.9,75,80.1,50,50
Montenegro,2014,63.6,40,37.8,N/A,92.5,42.6,N/A,77.6,68.6,78.6,83.1,65,50
Netherlands,2014,74.2,90,88,N/A,51.7,25.6,N/A,89.7,59.6,79.9,87.8,90,80
North Macedonia,2014,68.6,35,39.6,N/A,91.4,70.7,N/A,81,78.8,83.5,85.9,60,60
Norway,2014,70.9,90,88.1,N/A,50.6,42.2,N/A,90.9,44.6,78.7,89.1,75,60
Poland,2014,67,60,54.8,N/A,76.1,43.2,N/A,70.1,60.4,77.8,87.8,70,70
Portugal,2014,63.5,70,61.1,N/A,60.1,26.8,N/A,84.9,34.6,79.3,87.8,70,60
Romania,2014,65.5,40,37.7,N/A,87,59.2,N/A,71,65.2,77.1,87.8,80,50
Russia,2014,51.9,25,22.1,N/A,85.6,61.5,N/A,70,55.8,69.4,74.6,25,30
Serbia ,2014,59.4,40,34,N/A,83.1,38.6,N/A,59.3,70.1,66.9,77,75,50
Slovak Republic,2014,66.4,50,41.8,N/A,80.2,56,N/A,67,53.6,78.1,87.8,80,70
Slovenia,2014,62.7,60,61,N/A,58.9,22.6,N/A,85.4,51,80.3,87.8,70,50
Spain,2014,67.2,70,62.6,N/A,54,38.7,N/A,77.3,52.2,79.9,87.8,80,70
Sweden,2014,73.1,90,92.3,N/A,42.9,21.4,N/A,91.1,52.9,82.5,87.8,90,80
Switzerland,2014,81.6,90,88.1,N/A,68.9,65.7,N/A,75.4,87.4,85.2,90,85,80
Turkey,2014,64.9,50,44,N/A,77.5,63.5,N/A,67.6,59.7,71.8,84.5,70,60
Ukraine,2014,49.3,30,21.9,N/A,79.1,37.5,N/A,59.8,49.8,78.7,86.2,20,30
United Kingdom,2014,74.9,90,76.4,N/A,56.6,29.5,N/A,92,73.1,73.5,87.8,90,80
Albania,2013,65.2,30,31,N/A,92.6,75.1,N/A,81,49,78.4,79.8,65,70
Armenia,2013,69.4,30,26,N/A,88,82.1,N/A,87.6,77.1,73,85.4,75,70
Austria,2013,71.8,90,78,N/A,51.1,23.5,N/A,73.6,80.4,79.3,86.8,85,70
Azerbaijan,2013,59.7,25,24,N/A,85.5,67.8,N/A,69.2,79.4,73.5,77.2,55,40
Belarus,2013,48,20,24,N/A,88.8,43.5,N/A,75.2,76.9,40.7,80.8,20,10
Belgium,2013,69.2,80,75,N/A,45,14.5,N/A,91.6,69.8,79.3,86.8,80,70
Bosnia and Herzegovina,2013,57.3,20,32,N/A,83.2,26.9,N/A,54.3,61.2,79,86.4,70,60
Bulgaria,2013,65,30,33,N/A,94,64.2,N/A,73.6,74.8,78.6,86.8,55,60
Croatia,2013,61.3,40,40,N/A,75.4,48.7,N/A,63,42.4,81.1,87.5,75,60
Cyprus,2013,69,70,63,N/A,79.8,32.7,N/A,80.7,62.8,84.1,81.8,75,60
Czech Republic,2013,70.9,70,44,N/A,82,43.5,N/A,65.8,85.5,81.7,86.8,70,80
Denmark,2013,76.1,90,94,N/A,39.8,5.9,N/A,98.4,91.1,80,86.8,85,90
Estonia,2013,75.3,85,64,N/A,79.7,56.2,N/A,78.2,56,77.1,86.8,90,80
Finland,2013,74,90,94,N/A,66.9,12.2,N/A,94.8,45.3,79.5,86.8,90,80
France,2013,64.1,80,70,N/A,53,5.6,N/A,84,50.5,81.1,81.8,65,70
Georgia,2013,72.2,45,41,N/A,88.2,68.9,N/A,90.6,91.1,72.6,89.2,75,60
Germany,2013,72.8,90,80,N/A,61.8,37.3,N/A,92.1,43.8,81.2,86.8,85,70
Greece,2013,55.4,40,34,N/A,66.2,24.7,N/A,77.1,42.1,73.4,81.8,65,50
Hungary,2013,67.3,65,46,N/A,79.7,29.7,N/A,79.1,64.4,77.1,86.8,75,70
Iceland,2013,72.1,90,83,N/A,72.7,36.2,N/A,91.5,58.9,75.8,87.8,65,60
Ireland,2013,75.7,90,75,N/A,73.8,28.8,N/A,83.4,76.6,82.8,86.8,90,70
Italy,2013,60.6,50,39,N/A,55.5,25.3,N/A,76.9,52,80.2,86.8,80,60
Kosovo,2013,N/A,30,29,N/A,93.5,73,N/A,52.4,77.7,N/A,N/A,65,N/A
Latvia,2013,66.5,50,42,N/A,84.4,53.6,N/A,75.7,64.4,78.3,86.8,80,50
Liechtenstein,2013,N/A,N/A,N/A,N/A,N/A,N/A,N/A,70,N/A,N/A,90,N/A,80
Lithuania,2013,72.1,60,48,N/A,92.8,53.6,N/A,77.6,64.1,78.3,86.8,80,80
Luxembourg,2013,74.2,90,85,N/A,65,47.1,N/A,74.8,39,79.3,86.8,95,80
Malta,2013,67.5,75,56,N/A,61.2,44.1,N/A,61.1,65.4,80.4,86.8,85,60
Moldova,2013,55.5,40,29,N/A,87.2,50.1,N/A,69.7,40.9,73.4,80,35,50
Montenegro,2013,62.6,40,40,N/A,92.4,41.5,N/A,72.7,71.4,79.9,83,55,50
Netherlands,2013,73.5,90,89,N/A,52.1,24.7,N/A,83,58.6,81.1,86.8,90,80
North Macedonia,2013,68.2,35,39,N/A,91.4,69.1,N/A,80.3,78.4,84,84.6,60,60
Norway,2013,70.5,90,90,N/A,51,40.3,N/A,92.6,44.7,76.9,89.3,70,60
Poland,2013,66,60,55,N/A,76,43,N/A,64,62.9,77.7,86.8,65,70
Portugal,2013,63.1,70,61,N/A,61.6,28.3,N/A,82.8,31,79.4,86.8,70,60
Romania,2013,65.1,40,36,N/A,87.9,62.2,N/A,70.4,63.5,74.7,86.8,80,50
Russia,2013,51.1,25,24,N/A,86.9,54.4,N/A,69.2,52.6,66.7,77.4,25,30
Serbia ,2013,58.6,40,33,N/A,84.2,40.3,N/A,60.2,70.4,65.3,77.9,65,50
Slovak Republic,2013,68.7,50,40,N/A,84.7,58,N/A,71,72.2,79.1,86.8,75,70
Slovenia,2013,61.7,60,59,N/A,65.7,22.3,N/A,80.7,40.4,81.6,86.8,70,50
Spain,2013,68,70,62,N/A,53.9,43,N/A,80.3,54.3,79.9,86.8,80,70
Sweden,2013,72.9,90,93,N/A,39.6,21,N/A,93.2,53.6,82.1,86.8,90,80
Switzerland,2013,81,90,88,N/A,68.1,63.8,N/A,75.8,87.9,86.2,90,80,80
Turkey,2013,62.9,50,42,N/A,77,64.9,N/A,68.2,43.1,73.3,85.2,65,60
Ukraine,2013,46.3,30,23,N/A,78.2,29.4,N/A,47.6,49.9,71,84.4,20,30
United Kingdom,2013,74.8,90,78,N/A,57,27.7,N/A,94.1,71.6,72.4,86.8,90,80
Albania,2012,65.1,35,33,N/A,91.4,69.5,N/A,78.2,51,78.6,79.8,65,70
Armenia,2012,68.8,30,26,N/A,89.3,74.9,N/A,87.8,76.6,73.1,85.4,75,70
Austria,2012,70.3,90,79,N/A,50.5,15.4,N/A,70.3,78.1,82.2,87.2,80,70
Azerbaijan,2012,58.9,20,24,N/A,84.9,63.7,N/A,68.6,81.6,74.5,77.2,55,40
Belarus,2012,49,20,25,N/A,86.6,34.9,N/A,71.3,77,65.3,80.4,20,10
Belgium,2012,69,80,71,N/A,44.8,12.1,N/A,92.3,71.3,81.2,87.1,80,70
Bosnia and Herzegovina,2012,57.3,20,32,N/A,84.3,24.4,N/A,55.2,60.4,80.7,86,70,60
Bulgaria,2012,64.7,30,36,N/A,93.6,50.3,N/A,72.7,84.2,77.8,87.1,55,60
Croatia,2012,60.9,40,41,N/A,76.4,45,N/A,63.4,44.4,81.4,87.5,70,60
Cyprus,2012,71.8,70,63,N/A,83.3,37.1,N/A,81.6,69.9,85.7,82.1,75,70
Czech Republic,2012,69.9,70,46,N/A,82,36.8,N/A,67.7,77.9,81.5,87.1,70,80
Denmark,2012,76.2,90,93,N/A,39.8,0,N/A,99.1,92.1,80.7,87.1,90,90
Estonia,2012,73.2,80,65,N/A,79.1,38.8,N/A,75.7,56.9,79.3,87.1,90,80
Finland,2012,72.3,90,92,N/A,65.4,5.2,N/A,94.9,42.4,81.3,87.1,85,80
France,2012,63.2,80,68,N/A,53.8,5.3,N/A,83.7,51.6,82.3,82.1,55,70
Georgia,2012,69.4,40,38,N/A,87.8,55.8,N/A,86.9,92.1,74.4,89.2,70,60
Germany,2012,71,90,79,N/A,61.3,32.2,N/A,90.5,41.4,83.5,87.1,85,60
Greece,2012,55.4,50,35,N/A,65.3,16.2,N/A,76.3,36.6,72.6,82.1,60,60
Hungary,2012,67.1,70,47,N/A,78.6,24.4,N/A,79.8,67.6,76.1,87.1,70,70
Iceland,2012,70.9,90,85,N/A,73.5,21.8,N/A,92,60.9,72.5,88.2,65,60
Ireland,2012,76.9,90,80,N/A,73.9,30.4,N/A,92.8,78.4,76.7,87.1,90,70
Italy,2012,58.8,50,39,N/A,55,19.4,N/A,77.4,43,82,87.1,75,60
Kosovo,2012,N/A,N/A,N/A,N/A,N/A,N/A,N/A,N/A,N/A,N/A,N/A,N/A,N/A
Latvia,2012,65.2,50,43,N/A,84.3,43.8,N/A,75.9,59.1,79.1,87.1,80,50
Liechtenstein,2012,N/A,N/A,N/A,N/A,N/A,N/A,N/A,N/A,N/A,N/A,N/A,N/A,N/A
Lithuania,2012,71.5,60,50,N/A,93.6,41.7,N/A,79.2,64.6,79.3,87.1,80,80
Luxembourg,2012,74.5,90,85,N/A,63.6,46.6,N/A,75.9,40.9,81.3,87.1,95,80
Malta,2012,67,70,56,N/A,67.8,43.8,N/A,70,60,80.5,87.1,75,60
Moldova,2012,54.4,40,29,N/A,86.5,38.7,N/A,70,41.7,74.4,79,35,50
Montenegro,2012,62.5,40,37,N/A,91.3,31.7,N/A,69.2,86.1,81.2,83.6,55,50
Netherlands,2012,73.3,90,88,N/A,51.2,20.9,N/A,81.9,60,83.6,87.1,90,80
North Macedonia,2012,68.5,35,41,N/A,91.2,66.7,N/A,80.9,80.3,86.1,83.6,60,60
Norway,2012,68.8,90,86,N/A,52.5,35.3,N/A,88.4,46.3,75.1,89.3,65,60
Poland,2012,64.2,60,53,N/A,74.4,40.3,N/A,61.4,61.3,79.1,87.1,65,60
Portugal,2012,63,70,60,N/A,59,25.5,N/A,83,32.5,82.6,87.1,70,60
Romania,2012,64.4,40,37,N/A,87.4,55.1,N/A,70.5,62.6,74.3,87.1,80,50
Russia,2012,50.5,25,21,N/A,82.5,48.6,N/A,65.1,63.5,66.3,68.2,25,40
Serbia ,2012,58,40,35,N/A,84.1,39.3,N/A,56.5,68.7,68,77.9,60,50
Slovak Republic,2012,67,50,43,N/A,84.2,48.2,N/A,71,58.1,83.5,87.1,75,70
Slovenia,2012,62.9,60,64,N/A,64.8,27.9,N/A,81.4,42.2,81.2,87.1,70,50
Spain,2012,69.1,70,61,N/A,61.3,37.1,N/A,81.3,51.8,81.5,87.1,80,80
Sweden,2012,71.7,90,92,N/A,39.1,8.8,N/A,94.6,54.6,80.9,87.1,90,80
Switzerland,2012,81.1,90,87,N/A,67.9,65.8,N/A,77.9,87.9,84.4,90,80,80
Turkey,2012,62.5,50,44,N/A,77.7,58.5,N/A,67.1,40,71.9,85.4,70,60
Ukraine,2012,46.1,30,24,N/A,78.2,29.4,N/A,46.2,51.2,67.7,84.4,20,30
United Kingdom,2012,74.1,90,76,N/A,56.4,21.5,N/A,94.7,71.5,73.9,87.1,90,80
Albania,2011,64,35,32,N/A,92.1,68.7,N/A,67.1,50.4,79.9,79.8,65,70
Armenia,2011,69.7,30,27,N/A,89.2,85.7,N/A,82.4,75.9,76,85.5,75,70
Austria,2011,71.9,90,79,N/A,50.3,28,N/A,72.8,78.2,82.9,87.6,80,70
Azerbaijan,2011,59.7,20,23,N/A,83.9,71,N/A,72.9,81.1,72.6,77.1,55,40
Belarus,2011,47.9,20,24,N/A,83.6,26.2,N/A,70.6,82.3,62.2,80.3,20,10
Belgium,2011,70.2,80,71,N/A,41.8,25,N/A,92.6,71,82.5,87.6,80,70
Bosnia and Herzegovina,2011,57.5,20,30,N/A,83.9,24.1,N/A,60.4,60.2,80.6,86,70,60
Bulgaria,2011,64.9,30,38,N/A,86.9,58.3,N/A,75.8,82,75.5,87.6,55,60
Croatia,2011,61.1,40,41,N/A,74.6,50.3,N/A,65.2,44.1,78.5,87.6,70,60
Cyprus,2011,73.3,80,66,N/A,74.6,45.6,N/A,80.1,71.4,87.6,82.6,75,70
Czech Republic,2011,70.4,65,49,N/A,81,44.8,N/A,69.8,77,80,87.6,70,80
Denmark,2011,78.6,90,93,N/A,43.2,19.5,N/A,99.7,92.1,81.4,87.6,90,90
Estonia,2011,75.2,80,66,N/A,80.7,52.2,N/A,80.9,55.8,78.7,87.6,90,80
Finland,2011,74,90,89,N/A,65.3,26.5,N/A,95,41.4,80.7,87.6,85,80
France,2011,64.6,80,69,N/A,52.3,16.4,N/A,85.6,51.4,83.7,82.6,55,70
Georgia,2011,70.4,40,41,N/A,87.5,60.3,N/A,87.3,92.1,76.7,89.2,70,60
Germany,2011,71.8,90,80,N/A,58.5,42.7,N/A,89.6,40.6,83.9,87.6,85,60
Greece,2011,60.3,50,38,N/A,65.9,34.3,N/A,76.2,55.2,80.6,82.6,60,60
Hungary,2011,66.6,65,51,N/A,69.7,27.4,N/A,76.5,67.7,75.9,87.6,75,70
Iceland,2011,68.2,90,87,N/A,69.8,0,N/A,92.7,60.7,68.6,88.2,65,60
Ireland,2011,78.7,90,80,N/A,72.1,47.1,N/A,92,77.5,80.7,87.6,90,70
Italy,2011,60.3,50,43,N/A,55.4,28.6,N/A,77.3,44.4,82.1,87.6,75,60
Latvia,2011,65.8,50,45,N/A,82.5,55.5,N/A,72.8,61.3,73.5,87.6,80,50
Liechtenstein,2011,N/A,N/A,N/A,N/A,N/A,N/A,N/A,N/A,N/A,N/A,N/A,N/A,N/A
Lithuania,2011,71.3,60,49,N/A,86.1,58,N/A,81.7,55.6,74.5,87.6,80,80
Luxembourg,2011,76.2,90,82,N/A,66.7,58.5,N/A,76.4,44.1,82.1,87.6,95,80
Malta,2011,65.7,70,52,N/A,62.5,39.8,N/A,70,60,80.1,87.6,75,60
Moldova,2011,55.7,40,33,N/A,85.6,48.1,N/A,69.5,39,77,80.2,35,50
Montenegro,2011,62.5,40,39,N/A,89.4,28.6,N/A,71.3,92.3,76,83.6,55,50
Netherlands,2011,74.7,90,89,N/A,50.6,36.8,N/A,81.9,58.3,82.7,87.6,90,80
North Macedonia,2011,66,35,38,N/A,90,64.3,N/A,64.6,79.7,84.5,83.6,60,60
Norway,2011,70.3,90,86,N/A,51.6,51.5,N/A,88.3,45.8,75.1,89.4,65,60
Poland,2011,64.1,60,50,N/A,74,43.8,N/A,61.4,61.2,78.1,87.6,65,60
Portugal,2011,64,70,58,N/A,61.1,36.2,N/A,80.1,34.7,82.3,87.6,70,60
Romania,2011,64.7,40,38,N/A,86.8,57.6,N/A,72,60.8,74.4,87.6,80,50
Russia,2011,50.5,25,22,N/A,82.7,65.1,N/A,50.7,62.9,63.1,68.2,25,40
Serbia ,2011,58,40,35,N/A,83.6,41.9,N/A,59,68.9,66,75.2,60,50
Slovak Republic,2011,69.5,50,45,N/A,84.2,63.7,N/A,73.4,64.5,81.6,87.6,75,70
Slovenia,2011,64.6,60,66,N/A,65.1,41.1,N/A,83.6,41.8,80.5,87.6,70,50
Spain,2011,70.2,70,61,N/A,61,49.3,N/A,77.2,53,82.4,87.6,80,80
Sweden,2011,71.9,90,92,N/A,37.6,17.3,N/A,95,54,80.1,87.6,85,80
Switzerland,2011,81.9,90,90,N/A,68.4,69.3,N/A,80.2,87.8,83.8,90,80,80
Turkey,2011,64.2,50,44,N/A,78.2,83.6,N/A,68.7,39.6,72.7,85.4,70,50
Ukraine,2011,45.8,30,22,N/A,77.3,32.9,N/A,47.1,50,63.2,85.2,20,30
United Kingdom,2011,74.5,85,77,N/A,52,32.9,N/A,94.6,71.2,74.9,87.6,90,80
Albania,2010,66,35,34,N/A,92.6,74.2,N/A,68,52.1,78.7,85.8,70,70
Armenia,2010,69.2,30,29,N/A,89.3,90.9,N/A,83.4,70.6,72.9,80.5,75,70
Austria,2010,71.6,90,81,N/A,51.2,28.8,N/A,73.6,79.1,79.3,87.5,75,70
Azerbaijan,2010,58.8,20,19,N/A,79.5,77.5,N/A,74.6,82.5,62.7,77.1,55,40
Belarus,2010,48.7,20,20,N/A,85.2,32,N/A,72.1,84.8,62.6,80.3,20,10
Belgium,2010,70.1,80,73,N/A,42.2,30,N/A,92.9,67.1,77.9,87.5,80,70
Bosnia and Herzegovina,2010,56.2,10,32,N/A,83.2,28.8,N/A,61.3,61.2,74.7,80.8,70,60
Bulgaria,2010,62.3,30,36,N/A,86.3,48.3,N/A,77.8,78.1,69.5,87.4,50,60
Croatia,2010,59.2,40,44,N/A,70.3,47.1,N/A,61.5,40.8,75.8,87.8,65,60
Cyprus,2010,70.9,80,64,N/A,72.7,44.8,N/A,80.3,61.5,82.9,82.5,70,70
Czech Republic,2010,69.8,65,52,N/A,80.1,45.6,N/A,65.5,76.4,75.6,87.5,70,80
Denmark,2010,77.9,90,93,N/A,35.9,22,N/A,97.9,93.7,79.3,87.5,90,90
Estonia,2010,74.7,80,66,N/A,80.2,62.2,N/A,83.1,47,71.1,87.5,90,80
Finland,2010,73.8,90,90,N/A,65.4,32.9,N/A,95,43.8,78.9,87.5,75,80
France,2010,64.2,80,69,N/A,51.9,17.9,N/A,86.3,54.7,79.7,82.5,50,70
Georgia,2010,70.4,40,39,N/A,89.1,65.3,N/A,87.9,93.7,70.2,89.1,70,60
Germany,2010,71.1,90,79,N/A,58.3,41.4,N/A,89.6,39.9,79.9,87.5,85,60
Greece,2010,62.7,60,47,N/A,65.9,41.9,N/A,77.4,55.1,77.6,82.5,60,60
Hungary,2010,66.1,65,51,N/A,68.6,25.9,N/A,76.8,67.6,74.1,87.5,75,70
Iceland,2010,73.7,90,89,N/A,75.4,45.8,N/A,93,60.8,69.9,87.9,65,60
Ireland,2010,81.3,90,77,N/A,71.1,61.8,N/A,92.8,79,79,87.5,95,80
Italy,2010,62.7,55,48,N/A,55.2,31.2,N/A,77.9,58.2,79,87.5,75,60
Latvia,2010,66.2,55,50,N/A,82.7,57.4,N/A,72.9,59.1,67,87.5,80,50
Liechtenstein,2010,N/A,N/A,N/A,N/A,N/A,N/A,N/A,N/A,N/A,N/A,N/A,N/A,N/A
Lithuania,2010,70.3,55,46,N/A,84.6,63.5,N/A,82,58.5,70.8,87.5,75,80
Luxembourg,2010,75.4,90,83,N/A,65.9,58.5,N/A,75.1,40.4,78.9,87.5,95,80
Malta,2010,67.2,80,58,N/A,62.5,45.6,N/A,70,60,78.1,87.5,70,60
Moldova,2010,53.7,40,29,N/A,85.1,43,N/A,70.2,42.7,67.5,79.9,30,50
Montenegro,2010,63.6,40,34,N/A,90,54.4,N/A,70.1,86.4,73.2,83.2,55,50
Netherlands,2010,75,90,89,N/A,52,38.4,N/A,82.6,59.1,81,87.5,90,80
North Macedonia,2010,65.7,35,36,N/A,89.3,65.9,N/A,65.2,83.1,79,83.3,60,60
Norway,2010,69.4,90,79,N/A,50.5,49.8,N/A,88.8,47.1,74.2,89.2,65,60
Poland,2010,63.2,55,46,N/A,74.9,46.8,N/A,62.2,61.5,78.1,87.5,60,60
Portugal,2010,64.4,70,61,N/A,61,37.1,N/A,80.5,37,79.7,87.5,70,60
Romania,2010,64.2,40,38,N/A,85.8,59.8,N/A,72.5,60.4,73.3,87.5,75,50
Russia,2010,50.3,25,21,N/A,82.3,66.5,N/A,52.2,59.6,62.6,68.4,25,40
Serbia ,2010,56.9,40,34,N/A,83.2,41.4,N/A,58.9,72.2,64.5,75.2,50,50
Slovak Republic,2010,69.7,55,50,N/A,84,64.5,N/A,72.6,65.1,78.2,87.5,70,70
Slovenia,2010,64.7,60,67,N/A,64,46.1,N/A,83.3,43.5,76,87.5,70,50
Spain,2010,69.6,70,65,N/A,58.1,54.8,N/A,75.8,47.3,77.7,87.5,80,80
Sweden,2010,72.4,95,93,N/A,36.7,17.3,N/A,95.5,54.9,79.5,87.5,85,80
Switzerland,2010,81.1,90,90,N/A,68.2,68.9,N/A,81.2,81.8,81.3,90,80,80
Turkey,2010,63.8,50,46,N/A,78.1,82.9,N/A,68.9,41.1,70,86.4,65,50
Ukraine,2010,46.4,30,25,N/A,77.9,41.1,N/A,38.7,57.7,61.2,82.6,20,30
United Kingdom,2010,76.5,85,77,N/A,61.8,41.9,N/A,94.9,72.8,73.7,87.5,90,80
Albania,2009,63.7,30,29,N/A,92.8,75.6,N/A,67,47.2,79.6,75.8,70,70
Armenia,2009,69.9,35,30,N/A,90,89.7,N/A,83.7,66.3,77.8,86.4,70,70
Austria,2009,71.2,90,81,N/A,49.9,27.1,N/A,78.6,78.7,80.9,85.8,70,70
Azerbaijan,2009,58,25,21,N/A,79.7,77.5,N/A,74.6,87,66.3,78.4,30,40
Belarus,2009,45,20,21,N/A,79.4,30.9,N/A,63.7,70.8,66.8,67.2,20,10
Belgium,2009,72.1,80,71,N/A,41.5,28.3,N/A,93.2,70.5,81,85.8,90,80
Bosnia and Herzegovina,2009,53.1,10,33,N/A,71.8,37.6,N/A,59.9,52.1,79,77.2,50,60
Bulgaria,2009,64.6,30,41,N/A,86.2,58.7,N/A,73.5,78.4,72.8,85.8,60,60
Croatia,2009,55.1,30,41,N/A,68.7,31.7,N/A,59.9,43.4,79,87.6,50,60
Cyprus,2009,70.8,90,53,N/A,76.6,42.2,N/A,70,70,85.7,80.8,70,70
Czech Republic,2009,69.4,70,52,N/A,80.2,43,N/A,65.1,67.8,79.7,85.8,70,80
Denmark,2009,79.6,95,94,N/A,35.4,20.4,N/A,99.9,99.4,86.6,85.8,90,90
Estonia,2009,76.4,90,65,N/A,81.5,67.3,N/A,75.9,48.5,79.7,85.8,90,80
Finland,2009,74.5,95,94,N/A,64.3,28.6,N/A,95.1,44.8,87.4,85.8,70,80
France,2009,63.3,70,73,N/A,50.9,14.5,N/A,87.4,54.5,71.7,80.8,60,70
Georgia,2009,69.8,35,34,N/A,86.8,74.6,N/A,86.6,99.4,70.9,80.6,70,60
Germany,2009,70.5,90,78,N/A,58.5,38.2,N/A,90.3,43.4,80.8,85.8,80,60
Greece,2009,60.8,50,46,N/A,66.5,46.3,N/A,78.7,61.2,78.8,80.8,50,50
Hungary,2009,66.8,70,53,N/A,70.6,19.2,N/A,77.4,68.4,73.8,85.8,80,70
Iceland,2009,75.9,90,92,N/A,76.2,44,N/A,93.6,59.9,75.3,88,70,70
Ireland,2009,82.2,90,75,N/A,69.2,64.9,N/A,93,79.7,84.3,85.8,90,90
Italy,2009,61.4,50,52,N/A,55.8,24.7,N/A,78.7,61.3,80.8,80.8,70,60
Latvia,2009,66.6,55,48,N/A,82.3,58.5,N/A,73.8,61.6,71.1,85.8,70,60
Liechtenstein,2009,N/A,N/A,N/A,N/A,N/A,N/A,N/A,N/A,N/A,N/A,N/A,N/A,N/A
Lithuania,2009,70,50,48,N/A,87.6,65.3,N/A,82.4,54.6,75.8,85.8,70,80
Luxembourg,2009,75.2,90,84,N/A,66.3,54.4,N/A,76.2,45.1,80.2,85.8,90,80
Malta,2009,66.1,90,58,N/A,63.1,41.7,N/A,70,60,82.7,85.8,50,60
Moldova,2009,54.9,40,28,N/A,85.3,51.3,N/A,70.1,45.1,67.6,81.6,30,50
Montenegro,2009,58.2,40,33,N/A,89.1,45.3,N/A,68.7,57.2,78.9,80.2,40,50
Netherlands,2009,77,90,90,N/A,50.9,36.2,N/A,86.5,63.3,87,85.8,90,90
North Macedonia,2009,61.2,30,33,N/A,89.4,65.1,N/A,58.2,59.8,85.4,81.6,50,60
Norway,2009,70.2,90,87,N/A,50.3,50.5,N/A,88.1,48.6,78.1,89.2,60,60
Poland,2009,60.3,50,42,N/A,69,42.2,N/A,53.7,59.8,80.8,85.8,60,60
Portugal,2009,64.9,70,65,N/A,61.6,35.4,N/A,81.1,40.3,79.9,85.8,70,60
Romania,2009,63.2,35,37,N/A,87,70,N/A,74.9,57.1,75,85.8,60,50
Russia,2009,50.8,25,23,N/A,78.9,70.6,N/A,54,60,65.5,60.8,30,40
Serbia ,2009,56.6,40,34,N/A,85.9,46.3,N/A,56,70,65.8,78,40,50
Slovak Republic,2009,69.4,50,49,N/A,84.1,57.4,N/A,73.4,75.3,78.7,85.8,70,70
Slovenia,2009,62.9,60,66,N/A,62.9,38.4,N/A,84.5,42.8,78.6,85.8,60,50
Spain,2009,70.1,70,67,N/A,58.6,55.3,N/A,76.8,48.3,78.9,85.8,80,80
Sweden,2009,70.5,90,93,N/A,35,7.3,N/A,95.9,55.5,82.1,85.8,80,80
Switzerland,2009,79.4,90,90,N/A,67.5,65.3,N/A,82.9,79.2,83.9,85.4,70,80
Turkey,2009,61.6,50,41,N/A,73.2,83.4,N/A,69.9,40.3,71.1,86.6,50,50
Ukraine,2009,48.8,30,27,N/A,77,39,N/A,40.5,52.4,68.1,84,30,40
United Kingdom,2009,79,90,84,N/A,61,40.3,N/A,89.8,78.5,80.4,85.8,90,90
Albania,2008,62.4,30,26,N/A,90.3,76,N/A,55.6,49.5,80.4,75.8,70,70
Armenia,2008,69.9,35,29,N/A,89,86.4,N/A,81.3,68.2,84.6,85,70,70
Austria,2008,71.4,90,86,N/A,51.2,25.3,N/A,80.9,73.2,81.4,86,70,70
Azerbaijan,2008,55.3,30,24,N/A,80.4,82.9,N/A,62.6,58.7,76.5,78.4,30,30
Belarus,2008,45.3,20,21,N/A,81,55.5,N/A,58.8,68.6,66.2,52.2,20,10
Belgium,2008,71.7,80,73,N/A,43.9,17.9,N/A,93.7,71.6,80.4,86,90,80
Bosnia and Herzegovina,2008,53.9,10,29,N/A,73.7,48.3,N/A,57.2,54.2,76.6,79.8,50,60
Bulgaria,2008,63.7,30,40,N/A,82.7,56,N/A,68.4,80.6,73.7,86,60,60
Croatia,2008,54.1,30,34,N/A,68.8,28,N/A,58.5,45.5,78.8,87.6,50,60
Cyprus,2008,71.3,90,56,N/A,78.2,43,N/A,70,70,85,81,70,70
Czech Republic,2008,68.1,70,48,N/A,71.3,45.6,N/A,64.2,66.1,80.3,86,70,80
Denmark,2008,79.2,90,95,N/A,35,19.8,N/A,99.9,100,86.5,86,90,90
Estonia,2008,77.9,90,67,N/A,86,62,N/A,85.3,50.7,82,86,90,80
Finland,2008,74.6,90,96,N/A,64.3,29.1,N/A,95.2,46.4,88.5,86,70,80
France,2008,64.7,70,74,N/A,53.2,13.2,N/A,88,56.4,81.2,81,60,70
Georgia,2008,69.2,35,28,N/A,90.7,81.2,N/A,85,100,71.4,71,70,60
Germany,2008,70.6,90,80,N/A,58.4,34,N/A,89.9,46.3,81.4,86,80,60
Greece,2008,60.6,50,44,N/A,65.6,57.8,N/A,70.4,58.8,78.5,81,50,50
Hungary,2008,67.6,70,52,N/A,70,26.5,N/A,74.4,70.3,77.2,86,80,70
Iceland,2008,75.8,90,96,N/A,73.6,46.3,N/A,94.5,67.9,74.8,85,60,70
Ireland,2008,82.5,90,74,N/A,71.5,64.5,N/A,93,81.1,84.9,86,90,90
Italy,2008,62.6,50,49,N/A,54.3,29.4,N/A,77,74.5,80.6,81,70,60
Latvia,2008,68.3,55,47,N/A,83.4,59.2,N/A,74.8,64.1,73.8,86,70,70
Liechtenstein,2008,N/A,N/A,N/A,N/A,N/A,N/A,N/A,N/A,N/A,N/A,N/A,N/A,N/A
Lithuania,2008,70.9,50,48,N/A,86.3,68.3,N/A,84.2,57.7,78.5,86,70,80
Luxembourg,2008,74.7,90,86,N/A,65.4,44.8,N/A,77.3,47.4,79.8,86,90,80
Malta,2008,66,90,64,N/A,61.3,29.1,N/A,70,60,79.8,86,50,70
Moldova,2008,57.9,50,32,N/A,83,56.9,N/A,69.3,60.7,67.6,79.2,30,50
Montenegro,2008,N/A,N/A,N/A,N/A,N/A,N/A,N/A,N/A,N/A,N/A,N/A,N/A,N/A
Netherlands,2008,77.4,90,87,N/A,51.6,38.2,N/A,88,65.8,86.9,86,90,90
North Macedonia,2008,61.1,30,27,N/A,88.1,61.6,N/A,65.2,60.2,85.5,83.4,50,60
Norway,2008,68.6,90,88,N/A,50.3,46.3,N/A,89.1,49.5,76.1,86.2,60,50
Poland,2008,60.3,50,37,N/A,68.6,43.5,N/A,54.2,61.3,82.3,86,60,60
Portugal,2008,63.9,70,66,N/A,61.3,32.6,N/A,80.5,43.1,79.4,86,70,50
Romania,2008,61.7,30,31,N/A,85.6,70.8,N/A,74.9,56.3,72.5,86,60,50
Russia,2008,49.8,30,25,N/A,79.2,69.5,N/A,53.7,61.7,64.4,44.2,30,40
Serbia ,2008,N/A,N/A,N/A,N/A,N/A,N/A,N/A,N/A,N/A,N/A,N/A,N/A,N/A
Slovak Republic,2008,70,50,47,N/A,89.4,53.9,N/A,69.5,77.1,76.9,86,70,80
Slovenia,2008,60.2,50,64,N/A,62.4,33.2,N/A,74.1,42.4,79.5,86,60,50
Spain,2008,69.1,70,68,N/A,54.5,56.2,N/A,77.9,50.2,78.1,86,70,80
Sweden,2008,70.8,90,92,N/A,32.7,3.9,N/A,95.6,65,82.8,86,80,80
Switzerland,2008,79.5,90,91,N/A,68,61.6,N/A,83.9,79.9,83.6,87.2,70,80
Turkey,2008,59.9,50,38,N/A,77.7,68.3,N/A,68.3,39.5,70.8,86.8,50,50
Ukraine,2008,51,30,28,N/A,79,43,N/A,44.4,53.1,69.9,82.2,30,50
United Kingdom,2008,79.4,90,86,N/A,61.2,40.1,N/A,90.8,79.5,80.7,86,90,90
Albania,2007,61.4,30,24,N/A,87.3,75.1,N/A,64.1,49.7,80.3,73.2,60,70
Armenia,2007,68.6,30,29,N/A,89.7,90.8,N/A,80.8,70.3,80.3,85.6,60,70
Austria,2007,71.6,90,87,N/A,50.3,24.7,N/A,81.7,70.1,86,86.6,70,70
Azerbaijan,2007,54.6,30,22,N/A,80.8,79.9,N/A,58,60.8,76.8,77.6,30,30
Belarus,2007,47,20,26,N/A,81.8,60,N/A,55.7,68.2,61.5,67.2,20,10
Belgium,2007,72.5,80,74,N/A,44.1,26.5,N/A,92.6,70.8,80.5,86.6,90,80
Bosnia and Herzegovina,2007,54.4,10,29,N/A,74.9,47.8,N/A,55.4,53.8,82.5,80.2,50,60
Bulgaria,2007,62.7,30,40,N/A,82.4,57.8,N/A,70.3,79.8,75.8,70.8,60,60
Croatia,2007,53.4,30,34,N/A,69.9,24.4,N/A,54.2,44.5,79.3,87.8,50,60
Cyprus,2007,71.7,90,57,N/A,79.4,44.8,N/A,70,70,84.7,81.6,70,70
Czech Republic,2007,67.4,70,43,N/A,69.9,47.1,N/A,61.1,59.7,86.3,86.6,70,80
Denmark,2007,77,90,95,N/A,34.2,12.8,N/A,94.8,99.9,86.8,86.6,80,90
Estonia,2007,78,90,64,N/A,84.5,61.8,N/A,79.9,49.7,83,86.6,90,90
Finland,2007,74,90,96,N/A,63.1,23.5,N/A,95.3,45.6,89.9,86.6,70,80
France,2007,62.1,70,75,N/A,46.3,13.5,N/A,87.2,56.1,81,81.6,50,60
Georgia,2007,69.3,30,23,N/A,91.2,88.4,N/A,80.8,99.9,77.8,71.8,60,70
Germany,2007,70.8,90,82,N/A,61.4,33.7,N/A,88.9,44.2,81.5,86.6,90,50
Greece,2007,58.7,50,43,N/A,62.4,53.4,N/A,69.7,58,78.4,81.6,50,40
Hungary,2007,64.8,70,50,N/A,68.8,26.8,N/A,70.2,68.7,76.6,86.6,70,60
Iceland,2007,76,90,97,N/A,73.5,41.7,N/A,94.9,66.2,82.9,84,60,70
Ireland,2007,82.6,90,74,N/A,71.7,65.9,N/A,92.1,80.6,85.3,86.6,90,90
Italy,2007,62.8,50,50,N/A,52.8,31.5,N/A,77,74.4,80.5,81.6,70,60
Latvia,2007,67.9,50,42,N/A,83.9,61.3,N/A,74.5,66.9,74.2,86.6,70,70
Liechtenstein,2007,N/A,N/A,N/A,N/A,N/A,N/A,N/A,N/A,N/A,N/A,N/A,N/A,N/A
Lithuania,2007,71.5,50,48,N/A,86.5,70.8,N/A,84.3,57.3,81.1,86.6,70,80
Luxembourg,2007,74.6,90,85,N/A,65.3,44,N/A,76.9,47.8,80.2,86.6,90,80
Malta,2007,66.1,90,66,N/A,61.1,27.7,N/A,70,60,80,86.6,50,70
Moldova,2007,58.7,50,29,N/A,85.6,62.8,N/A,68.1,64.4,68,79.4,30,50
Montenegro,2007,N/A,N/A,N/A,N/A,N/A,N/A,N/A,N/A,N/A,N/A,N/A,N/A,N/A
Netherlands,2007,75.5,90,86,N/A,48.8,34.9,N/A,88.4,62.7,87.2,86.6,90,80
North Macedonia,2007,60.6,30,27,N/A,85,60.9,N/A,60.1,58.8,90.7,83.4,50,60
Norway,2007,67.9,90,89,N/A,50.6,37.6,N/A,91.1,49,82.5,89.2,50,50
Poland,2007,58.1,50,34,N/A,68.6,44.8,N/A,55.3,61.4,80.3,86.6,50,50
Portugal,2007,64,70,65,N/A,62.3,35.4,N/A,78.6,41.5,80.4,86.6,70,50
Romania,2007,61.2,30,30,N/A,85.9,71,N/A,73.2,58,69.7,84,50,60
Russia,2007,52.2,30,24,N/A,79.5,69.5,N/A,62,61.5,62.8,62.6,30,40
Serbia ,2007,N/A,N/A,N/A,N/A,N/A,N/A,N/A,N/A,N/A,N/A,N/A,N/A,N/A
Slovak Republic,2007,69.6,50,43,N/A,89.5,53.7,N/A,70.7,76.1,76.6,86.6,70,80
Slovenia,2007,59.6,50,61,N/A,54.6,30.9,N/A,72.9,41.2,78.9,86.6,70,50
Spain,2007,69.2,70,70,N/A,55.2,54.8,N/A,78,49.3,78.5,86.6,70,80
Sweden,2007,69.3,90,92,N/A,33.1,3.6,N/A,94.2,65,83.8,81.4,80,70
Switzerland,2007,78,90,91,N/A,67.9,59.8,N/A,84.1,77,83.5,87,70,70
Turkey,2007,57.4,50,35,N/A,69.1,62.4,N/A,67.4,38.8,70.1,81,50,50
Ukraine,2007,51.5,30,26,N/A,83.6,53.2,N/A,43.6,52.8,68.4,77.2,30,50
United Kingdom,2007,79.9,90,86,N/A,62,42.7,N/A,91.2,79,81.3,86.6,90,90
Albania,2006,60.3,30,25,N/A,81.2,75.6,N/A,54.3,50.2,84.5,62.4,70,70
Armenia,2006,70.6,50,31,N/A,90,90.7,N/A,77.6,65.3,80.6,80.6,70,70
Austria,2006,71.1,90,84,N/A,50.2,23.2,N/A,82,72.7,86.4,82.4,70,70
Azerbaijan,2006,53.2,30,19,N/A,80,77.8,N/A,56.7,60.4,75.5,72.6,30,30
Belarus,2006,47.5,30,33,N/A,78.9,33.2,N/A,54.4,68.2,49.8,67.2,30,30
Belgium,2006,71.8,90,75,N/A,42.8,26.8,N/A,90.7,68.4,81.5,82.4,90,70
Bosnia and Herzegovina,2006,55.6,10,31,N/A,75.1,47.8,N/A,55.7,54.9,86.1,75.2,50,70
Bulgaria,2006,64.1,30,41,N/A,83.2,49.8,N/A,70.5,79.8,80.7,65.8,70,70
Croatia,2006,53.6,30,35,N/A,69.6,23.2,N/A,54.5,44.6,81.2,78.4,50,70
Cyprus,2006,71.8,90,54,N/A,79.1,48.3,N/A,70,70,84.4,82.4,70,70
Czech Republic,2006,66.4,70,42,N/A,68.8,36.8,N/A,57.8,60.3,85.9,82.4,70,90
Denmark,2006,75.4,90,95,N/A,35.5,9.3,N/A,94.6,99.9,87.2,82.4,70,90
Estonia,2006,74.9,70,60,N/A,83.8,57.4,N/A,81.9,49.3,84.7,82.4,90,90
Finland,2006,72.9,90,97,N/A,61.9,24.4,N/A,95.4,47.4,90.8,82.4,70,70
France,2006,61.1,70,71,N/A,46.6,11.2,N/A,88,56.5,85.6,82.4,50,50
Georgia,2006,64.5,30,20,N/A,94.1,90.8,N/A,73.9,73.6,75.2,67.6,50,70
Germany,2006,70.8,90,82,N/A,60.8,31.7,N/A,89.1,44.4,87.1,82.4,90,50
Greece,2006,60.1,50,43,N/A,61,53.9,N/A,73.2,58.6,78.7,82.4,50,50
Hungary,2006,65,70,48,N/A,68.2,27.1,N/A,70.8,69.5,74.3,82.4,70,70
Iceland,2006,75.8,90,95,N/A,73.7,32,N/A,95.1,65.4,88.8,78.2,50,90
Ireland,2006,82.2,90,75,N/A,72,64.7,N/A,93.7,79.6,84.4,82.4,90,90
Italy,2006,62,50,48,N/A,52,29.1,N/A,78.4,74.6,85.2,82.4,70,50
Latvia,2006,66.9,50,40,N/A,83.5,51,N/A,75,66.6,80.8,82.4,70,70
Liechtenstein,2006,N/A,N/A,N/A,N/A,N/A,N/A,N/A,N/A,N/A,N/A,N/A,N/A,N/A
Lithuania,2006,71.8,50,46,N/A,82.9,63.9,N/A,85.2,57.1,90.4,82.4,70,90
Luxembourg,2006,75.3,90,84,N/A,65.7,36.8,N/A,76.9,51.4,85.7,82.4,90,90
Malta,2006,67.3,90,68,N/A,62.2,35.4,N/A,70,60,85,82.4,50,70
Moldova,2006,58,50,23,N/A,81.9,66.1,N/A,67.4,63.4,68.4,79.4,30,50
Montenegro,2006,N/A,N/A,N/A,N/A,N/A,N/A,N/A,N/A,N/A,N/A,N/A,N/A,N/A
Netherlands,2006,75.4,90,87,N/A,48,29.1,N/A,87.5,62.9,86.6,82.4,90,90
North Macedonia,2006,59.2,30,27,N/A,80.4,65.1,N/A,54.4,56.4,90.3,68.8,50,70
Norway,2006,67.9,90,89,N/A,50.8,34.9,N/A,91.4,50.6,88.7,84.2,50,50
Poland,2006,59.3,50,35,N/A,68.7,39.5,N/A,56.5,61.2,79.6,82.4,50,70
Portugal,2006,62.9,70,63,N/A,64,29.7,N/A,73.3,42.2,84.4,82.4,70,50
Romania,2006,58.2,30,29,N/A,87.5,68.9,N/A,74.6,57.5,66.6,68.4,50,50
Russia,2006,52.4,30,28,N/A,90.8,63.5,N/A,59.7,61.8,68,62.6,30,30
Serbia ,2006,N/A,N/A,N/A,N/A,N/A,N/A,N/A,N/A,N/A,N/A,N/A,N/A,N/A
Slovak Republic,2006,69.8,50,40,N/A,89.5,52.5,N/A,69.3,76.7,77.8,82.4,70,90
Slovenia,2006,61.9,50,60,N/A,64,44.3,N/A,75.1,41.6,81.7,82.4,70,50
Spain,2006,68.2,70,71,N/A,55.3,50.5,N/A,78.7,50,83.9,82.4,70,70
Sweden,2006,70.9,90,92,N/A,33.2,2.2,N/A,96.1,65.1,87.7,82.4,90,70
Switzerland,2006,78.9,90,91,N/A,73.4,61.1,N/A,85,77.1,89.6,82,70,70
Turkey,2006,57,50,32,N/A,68,68.1,N/A,66.7,39.1,64.7,81,50,50
Ukraine,2006,54.4,30,22,N/A,90.2,75.8,N/A,43.1,53.2,72.9,77.2,30,50
United Kingdom,2006,80.4,90,86,N/A,62.3,43.5,N/A,91.5,81.1,86.7,82.4,90,90
Albania,2005,57.8,30,25,N/A,83.3,71,N/A,55,49,85,60.2,70,50
Armenia,2005,69.8,50,30,N/A,89.9,88.9,N/A,55,62.1,82,80,70,90
Austria,2005,68.8,90,80,N/A,44.4,22.6,N/A,70,73.6,87,80.2,70,70
Azerbaijan,2005,54.4,30,18,N/A,79.2,87,N/A,55,64.8,80.4,69.2,30,30
Belarus,2005,46.7,30,42,N/A,76.2,35.4,N/A,40,72,42.7,69,30,30
Belgium,2005,69,90,76,N/A,42.1,22,N/A,70,68,81.8,80.2,90,70
Bosnia and Herzegovina,2005,48.8,10,33,N/A,70.1,23.8,N/A,40,54.8,84.5,71.8,30,70
Bulgaria,2005,62.3,30,39,N/A,80.3,53.4,N/A,55,80.3,83.1,82,50,70
Croatia,2005,51.9,30,37,N/A,59.3,26.2,N/A,55,44.3,81.4,65.4,50,70
Cyprus,2005,71.9,90,61,N/A,79,57.4,N/A,85,70,83,73.6,50,70
Czech Republic,2005,64.6,70,39,N/A,68.2,15.1,N/A,70,57.7,88.9,76.8,70,90
Denmark,2005,75.3,90,95,N/A,33.9,8.3,N/A,100,99.9,85.6,80.2,70,90
Estonia,2005,75.2,70,55,N/A,82.9,61.6,N/A,85,47.4,85.5,84.8,90,90
Finland,2005,71,90,97,N/A,58,22.3,N/A,85,49.9,88,80.2,70,70
France,2005,60.5,70,69,N/A,44.8,10.9,N/A,70,54.3,86,80.2,70,50
Georgia,2005,57.1,30,18,N/A,89.9,90.5,N/A,55,66.8,75.9,65.2,30,50
Germany,2005,68.1,90,77,N/A,58.4,28.6,N/A,70,48.7,88.1,80.2,90,50
Greece,2005,59,50,43,N/A,58,54.4,N/A,70,56.1,78.1,80.2,50,50
Hungary,2005,63.5,70,48,N/A,67.9,25.6,N/A,70,68.2,75.6,70,70,70
Iceland,2005,76.6,90,96,N/A,72.5,30.9,N/A,85,64.6,88.6,78.2,70,90
Ireland,2005,80.8,90,75,N/A,72.6,64.5,N/A,85,78.2,82.5,80.2,90,90
Italy,2005,64.9,70,53,N/A,49.6,27.4,N/A,70,74.5,84.7,80.2,70,70
Latvia,2005,66.3,50,38,N/A,83.6,52.7,N/A,70,63.5,84.8,80,70,70
Liechtenstein,2005,N/A,N/A,N/A,N/A,N/A,N/A,N/A,N/A,N/A,N/A,N/A,N/A,N/A
Lithuania,2005,70.5,50,47,N/A,82.8,65.1,N/A,70,55.8,90.1,84,70,90
Luxembourg,2005,76.3,90,87,N/A,64.3,39,N/A,85,51.4,85.9,80.2,90,90
Malta,2005,68.9,90,50,N/A,62.2,40.3,N/A,85,60,85.7,75.8,50,90
Moldova,2005,57.4,50,24,N/A,84.5,68.5,N/A,55,64.8,70,77.2,30,50
Montenegro,2005,N/A,N/A,N/A,N/A,N/A,N/A,N/A,N/A,N/A,N/A,N/A,N/A,N/A
Netherlands,2005,72.9,90,89,N/A,45.7,28,N/A,70,61.5,84.8,80.2,90,90
North Macedonia,2005,56.1,30,23,N/A,83.6,49.6,N/A,55,56.2,86.6,57.4,50,70
Norway,2005,64.5,90,88,N/A,50.4,28.3,N/A,70,49.3,85.5,83.6,50,50
Poland,2005,59.6,50,36,N/A,68.3,30.3,N/A,70,60,82.3,79.2,50,70
Portugal,2005,62.4,70,66,N/A,61.7,32,N/A,70,41.2,83.2,80.2,70,50
Romania,2005,52.1,30,28,N/A,70.1,68.9,N/A,55,55.5,62.6,70.4,30,50
Russia,2005,51.3,30,27,N/A,91.5,58.9,N/A,55,61.8,65.6,63.2,30,30
Serbia ,2005,N/A,N/A,N/A,N/A,N/A,N/A,N/A,N/A,N/A,N/A,N/A,N/A,N/A
Slovak Republic,2005,66.8,50,37,N/A,81.9,42.4,N/A,70,75.7,78,72.8,70,90
Slovenia,2005,59.6,50,59,N/A,55.6,45.3,N/A,85,40.3,79.1,81.8,50,50
Spain,2005,67,70,69,N/A,55.4,53,N/A,70,48.8,83.9,80.2,70,70
Sweden,2005,69.8,90,93,N/A,33.7,0,N/A,70,65.2,86,80.2,90,90
Switzerland,2005,79.3,90,88,N/A,73,61.1,N/A,70,77.2,90,83.4,70,90
Turkey,2005,50.6,50,31,N/A,65.3,54.4,N/A,55,40.7,53.8,76,50,30
Ukraine,2005,55.8,30,23,N/A,83,78.6,N/A,55,55.8,76.2,76.2,30,50
United Kingdom,2005,79.2,90,87,N/A,62.3,43.5,N/A,85,79,85,80.2,90,90
Albania,2004,58.5,30,25,N/A,83.6,72.3,N/A,55,N/A,79.6,61.4,70,50
Armenia,2004,70.3,50,25,N/A,90,88.7,N/A,55,N/A,84.5,80,70,90
Austria,2004,67.6,90,78,N/A,43.5,21,N/A,70,N/A,85.9,79.8,70,70
Azerbaijan,2004,53.4,30,20,N/A,78.3,87.9,N/A,55,N/A,80.2,69.2,30,30
Belarus,2004,43.1,30,48,N/A,75.4,36.8,N/A,40,N/A,31.6,65.8,30,30
Belgium,2004,68.7,90,71,N/A,43.1,23.5,N/A,70,N/A,81.3,79.8,90,70
Bosnia and Herzegovina,2004,44.7,10,10,N/A,70.1,18.3,N/A,40,N/A,82.4,71.8,30,70
Bulgaria,2004,59.2,30,40,N/A,81.1,64.5,N/A,55,N/A,78.7,63.2,50,70
Croatia,2004,53.1,30,38,N/A,67.3,22.9,N/A,55,N/A,79.5,65.4,50,70
Cyprus,2004,74.1,90,70,N/A,81.4,56.2,N/A,85,N/A,84.6,79.4,50,70
Czech Republic,2004,67,70,37,N/A,67,40.9,N/A,70,N/A,84.6,73.4,70,90
Denmark,2004,72.4,90,95,N/A,33.6,8.3,N/A,100,N/A,85.1,79.8,70,90
Estonia,2004,77.4,70,56,N/A,83.8,55.5,N/A,85,N/A,82.1,84.2,90,90
Finland,2004,73.4,90,97,N/A,57.5,25,N/A,85,N/A,86,79.8,70,70
France,2004,60.9,70,63,N/A,44.3,14.5,N/A,70,N/A,86.4,79.8,70,50
Georgia,2004,58.9,30,24,N/A,90.6,90.1,N/A,55,N/A,75.5,65.2,50,50
Germany,2004,69.5,90,73,N/A,56.4,29.4,N/A,70,N/A,87.1,79.8,90,50
Greece,2004,59.1,50,42,N/A,58.4,53.2,N/A,70,N/A,78.1,79.8,50,50
Hungary,2004,62.7,70,49,N/A,65.6,20.1,N/A,70,N/A,73.7,76,70,70
Iceland,2004,72.1,90,94,N/A,58.7,37.9,N/A,85,N/A,85.2,78.2,70,50
Ireland,2004,80.3,90,69,N/A,71.8,66.3,N/A,85,N/A,81.1,79.8,90,90
Italy,2004,64.2,70,52,N/A,49.7,31.7,N/A,70,N/A,84.8,79.8,70,70
Latvia,2004,67.4,50,37,N/A,82.2,62.2,N/A,70,N/A,85.8,79.8,70,70
Liechtenstein,2004,N/A,N/A,N/A,N/A,N/A,N/A,N/A,N/A,N/A,N/A,N/A,N/A,N/A
Lithuania,2004,72.4,50,48,N/A,82.8,70.6,N/A,70,N/A,90.1,80.2,70,90
Luxembourg,2004,78.9,90,90,N/A,58.9,41.4,N/A,85,N/A,85.3,79.8,90,90
Malta,2004,63.3,90,50,N/A,63.1,11.5,N/A,85,N/A,84.6,65.4,50,70
Moldova,2004,57.1,50,21,N/A,81.5,74.2,N/A,55,N/A,71.3,80.4,30,50
Montenegro,2004,N/A,N/A,N/A,N/A,N/A,N/A,N/A,N/A,N/A,N/A,N/A,N/A,N/A
Netherlands,2004,74.5,90,90,N/A,45.2,32.3,N/A,70,N/A,83.2,79.8,90,90
North Macedonia,2004,56.8,30,33,N/A,84.6,48.1,N/A,55,N/A,83.3,57.4,50,70
Norway,2004,66.2,90,85,N/A,50.8,31.7,N/A,70,N/A,86.3,81.8,50,50
Poland,2004,58.7,50,40,N/A,64.9,35.1,N/A,70,N/A,78.1,70.4,50,70
Portugal,2004,64.9,70,63,N/A,62.3,36.2,N/A,70,N/A,82.9,79.8,70,50
Romania,2004,50,30,26,N/A,69.9,74.8,N/A,55,N/A,56.8,57.6,30,50
Russia,2004,52.8,30,27,N/A,91.6,65.1,N/A,55,N/A,63.4,63.2,50,30
Serbia ,2004,N/A,N/A,N/A,N/A,N/A,N/A,N/A,N/A,N/A,N/A,N/A,N/A,N/A
Slovak Republic,2004,64.6,50,37,N/A,68.5,42.4,N/A,70,N/A,80.8,72.8,70,90
Slovenia,2004,59.2,50,60,N/A,54.4,40.6,N/A,85,N/A,77.3,65.2,50,50
Spain,2004,68.9,70,71,N/A,52.9,52.7,N/A,70,N/A,83.6,79.8,70,70
Sweden,2004,70.1,90,93,N/A,32,0,N/A,70,N/A,85.8,79.8,90,90
Switzerland,2004,79.5,90,85,N/A,80.6,55.8,N/A,70,N/A,89.4,85,70,90
Turkey,2004,52.8,50,32,N/A,60.8,56.9,N/A,55,N/A,46.1,74.2,50,50
Ukraine,2004,53.7,30,24,N/A,67.5,77.8,N/A,55,N/A,74.5,74.4,30,50
United Kingdom,2004,77.7,90,87,N/A,61.2,50.1,N/A,85,N/A,86.6,79.8,70,90
Albania,2003,56.8,30,10,N/A,83.8,70.4,N/A,55,N/A,85.8,56.2,70,50
Armenia,2003,67.3,50,25,N/A,88.9,84.1,N/A,55,N/A,81.7,81.2,70,70
Austria,2003,67.6,90,78,N/A,45.3,18.6,N/A,70,N/A,85.1,81.4,70,70
Azerbaijan,2003,54.1,30,20,N/A,78.4,87,N/A,55,N/A,84.8,71.6,30,30
Belarus,2003,39.7,30,41,N/A,65.3,41.1,N/A,40,N/A,14.1,66,30,30
Belgium,2003,68.1,90,66,N/A,33.7,26.8,N/A,70,N/A,85.2,81.4,90,70
Bosnia and Herzegovina,2003,40.6,10,10,N/A,66.1,3.2,N/A,40,N/A,77.9,78.2,30,50
Bulgaria,2003,57,50,39,N/A,72.4,56.7,N/A,55,N/A,77.5,62.4,50,50
Croatia,2003,53.3,30,39,N/A,77.6,28.6,N/A,55,N/A,76.3,72.8,50,50
Cyprus,2003,73.3,90,70,N/A,70.7,59.8,N/A,85,N/A,85,79.4,50,70
Czech Republic,2003,67.5,70,39,N/A,67.2,45.6,N/A,70,N/A,81.9,73.6,70,90
Denmark,2003,73.2,90,95,N/A,32.6,9.9,N/A,100,N/A,89.9,81.4,70,90
Estonia,2003,77.7,70,56,N/A,80.4,58.3,N/A,85,N/A,85.7,84.2,90,90
Finland,2003,73.7,90,99,N/A,54.9,28,N/A,85,N/A,84.7,81.4,70,70
France,2003,59.2,70,67,N/A,41.3,15.7,N/A,70,N/A,87,81.4,50,50
Georgia,2003,58.6,30,23,N/A,90.6,88.9,N/A,55,N/A,74.8,64.8,50,50
Germany,2003,69.7,90,74,N/A,55.7,30,N/A,70,N/A,86.6,81.4,90,50
Greece,2003,58.8,50,42,N/A,57.2,50.3,N/A,70,N/A,78.5,81.4,50,50
Hungary,2003,63,70,53,N/A,65.6,22.3,N/A,70,N/A,70.6,76,70,70
Iceland,2003,73.5,90,92,N/A,69,43,N/A,85,N/A,84.7,77.8,70,50
Ireland,2003,80.9,90,75,N/A,69.4,66.3,N/A,85,N/A,81.2,81.4,90,90
Italy,2003,64.3,70,55,N/A,48,29.4,N/A,70,N/A,84.7,81.4,70,70
Latvia,2003,66,50,34,N/A,78.3,58,N/A,70,N/A,84.9,78.6,70,70
Liechtenstein,2003,N/A,N/A,N/A,N/A,N/A,N/A,N/A,N/A,N/A,N/A,N/A,N/A,N/A
Lithuania,2003,69.7,50,48,N/A,78.8,71.5,N/A,70,N/A,88.1,80.4,70,70
Luxembourg,2003,79.9,90,87,N/A,59.8,51.5,N/A,85,N/A,84.7,81.4,90,90
Malta,2003,61.1,90,30,N/A,63.5,36.8,N/A,85,N/A,79.8,65,50,50
Moldova,2003,60,50,31,N/A,81.3,78.6,N/A,55,N/A,63.4,80.4,50,50
Montenegro,2003,43.5,30,10,N/A,79.8,89.2,N/A,40,N/A,34.2,68.4,10,30
Netherlands,2003,74.6,90,88,N/A,44.1,35.4,N/A,70,N/A,82.8,81.4,90,90
North Macedonia,2003,60.1,30,33,N/A,80.3,85.7,N/A,55,N/A,80.9,56,50,70
Norway,2003,67.2,90,86,N/A,50.9,41.4,N/A,70,N/A,84.1,82.8,50,50
Poland,2003,61.8,70,41,N/A,65.6,46.1,N/A,70,N/A,73.5,70.2,50,70
Portugal,2003,64.9,70,63,N/A,61.8,35.7,N/A,70,N/A,82.6,81.4,70,50
Romania,2003,50.6,30,28,N/A,69.1,62.4,N/A,55,N/A,50.8,60.2,50,50
Russia,2003,50.8,30,23,N/A,90.6,64.5,N/A,55,N/A,57,57.4,50,30
Serbia ,2003,43.5,30,10,N/A,79.8,89.2,N/A,40,N/A,34.2,68.4,10,30
Slovak Republic,2003,59,50,37,N/A,67.5,22.3,N/A,70,N/A,71.3,72.8,70,70
Slovenia,2003,57.7,50,52,N/A,53.1,40.6,N/A,85,N/A,76.7,62.2,50,50
Spain,2003,68.8,70,70,N/A,52.6,52.2,N/A,70,N/A,83.3,81.4,70,70
Sweden,2003,70,90,90,N/A,29.8,2.9,N/A,70,N/A,86.4,81.4,90,90
Switzerland,2003,79,90,84,N/A,80.4,55.3,N/A,70,N/A,88.3,83,70,90
Turkey,2003,51.9,50,36,N/A,64.6,45,N/A,55,N/A,42.9,73.6,50,50
Ukraine,2003,51.1,30,21,N/A,67.1,68.1,N/A,55,N/A,64,74.6,30,50
United Kingdom,2003,77.5,90,83,N/A,60.9,51,N/A,85,N/A,85.9,81.4,70,90
Albania,2002,56.8,30,10,N/A,79.2,67.3,N/A,55,N/A,86,63.4,70,50
Armenia,2002,68,50,25,N/A,88.3,81.3,N/A,55,N/A,91.1,81.4,70,70
Austria,2002,67.4,90,77,N/A,44.5,18.9,N/A,70,N/A,86.4,79.6,70,70
Azerbaijan,2002,53.3,30,15,N/A,78.4,88,N/A,55,N/A,78.8,74.4,30,30
Belarus,2002,39,30,41,N/A,68.2,36.5,N/A,40,N/A,0,75.4,30,30
Belgium,2002,67.6,90,61,N/A,33.7,28,N/A,70,N/A,86,79.6,90,70
Bosnia and Herzegovina,2002,37.4,10,10,N/A,66.8,0,N/A,40,N/A,77.2,72.6,30,30
Bulgaria,2002,57.1,50,35,N/A,68.3,49.6,N/A,55,N/A,75.8,60.2,70,50
Croatia,2002,51.1,30,37,N/A,68.3,25,N/A,55,N/A,75.7,68.8,50,50
Cyprus,2002,73,90,70,N/A,71.2,58.9,N/A,85,N/A,83.5,78.8,50,70
Czech Republic,2002,66.5,70,43,N/A,66.8,33.7,N/A,70,N/A,82.2,73,70,90
Denmark,2002,71.1,90,98,N/A,32.2,5.9,N/A,85,N/A,89.6,79.6,70,90
Estonia,2002,77.6,70,57,N/A,80,54.4,N/A,85,N/A,87,85,90,90
Finland,2002,73.6,90,100,N/A,55.6,28,N/A,85,N/A,84.6,79.6,70,70
France,2002,58,70,67,N/A,37.2,15.7,N/A,70,N/A,82.7,79.6,50,50
Georgia,2002,56.7,30,23,N/A,90.7,85.5,N/A,55,N/A,67.4,79.2,50,30
Germany,2002,70.4,90,76,N/A,53.3,36.5,N/A,70,N/A,88,79.6,90,50
Greece,2002,59.1,50,49,N/A,50.1,54.4,N/A,70,N/A,78.7,79.6,50,50
Hungary,2002,64.5,70,52,N/A,65.5,28,N/A,70,N/A,74.7,80,70,70
Iceland,2002,73.1,90,91,N/A,63.1,44.5,N/A,85,N/A,81.7,82.2,70,50
Ireland,2002,80.5,90,72,N/A,66.5,69.3,N/A,85,N/A,81.8,79.6,90,90
Italy,2002,63.6,70,46,N/A,48,33.7,N/A,70,N/A,85.5,79.6,70,70
Latvia,2002,65,50,34,N/A,76.8,49.6,N/A,70,N/A,84.4,80,70,70
Liechtenstein,2002,N/A,N/A,N/A,N/A,N/A,N/A,N/A,N/A,N/A,N/A,N/A,N/A,N/A
Lithuania,2002,66.1,50,41,N/A,74.1,69.3,N/A,70,N/A,87.7,82.8,70,50
Luxembourg,2002,79.4,90,86,N/A,56.8,52,N/A,85,N/A,85.2,79.6,90,90
Malta,2002,62.2,90,30,N/A,64.6,30.9,N/A,70,N/A,79.1,75.4,50,70
Moldova,2002,57.4,50,26,N/A,78.2,76.5,N/A,55,N/A,54.7,76,50,50
Montenegro,2002,46.6,30,10,N/A,89.8,74.8,N/A,40,N/A,46.8,88.4,10,30
Netherlands,2002,75.1,90,89,N/A,43.6,39.3,N/A,70,N/A,84.6,79.6,90,90
North Macedonia,2002,58,30,33,N/A,81,63.3,N/A,55,N/A,77.2,63,50,70
Norway,2002,67.4,90,91,N/A,51.1,41.9,N/A,70,N/A,79.3,82.8,50,50
Poland,2002,65,70,41,N/A,65.3,49.6,N/A,70,N/A,70.4,78.8,70,70
Portugal,2002,65.4,70,64,N/A,60.8,39.3,N/A,70,N/A,84.7,79.6,70,50
Romania,2002,48.7,30,29,N/A,64.4,58.9,N/A,55,N/A,46.6,74.4,50,30
Russia,2002,48.7,30,21,N/A,84.9,58.9,N/A,55,N/A,51.3,57.4,50,30
Serbia ,2002,46.6,30,10,N/A,89.8,74.8,N/A,40,N/A,46.8,88.4,10,30
Slovak Republic,2002,59.8,50,35,N/A,61.1,33.7,N/A,70,N/A,68.8,79.8,70,70
Slovenia,2002,57.8,50,55,N/A,51.8,41.9,N/A,85,N/A,72,64.2,50,50
Spain,2002,68.8,70,70,N/A,53.1,52,N/A,70,N/A,84.1,79.6,70,70
Sweden,2002,70.8,90,94,N/A,31.4,2.5,N/A,70,N/A,89.7,79.6,90,90
Switzerland,2002,79.3,90,86,N/A,80,56.7,N/A,70,N/A,88.1,83,70,90
Turkey,2002,54.2,50,38,N/A,65.2,58.9,N/A,55,N/A,41,79.6,50,50
Ukraine,2002,48.2,30,15,N/A,66.1,58.9,N/A,55,N/A,58.2,71,50,30
United Kingdom,2002,78.5,90,87,N/A,61.5,58.9,N/A,85,N/A,84.7,79.6,70,90
Albania,2001,56.6,30,23,N/A,79.5,71.2,N/A,70,N/A,71.8,63.8,70,30
Armenia,2001,66.4,50,30,N/A,81.9,85.5,N/A,55,N/A,77.8,77,70,70
Austria,2001,68.1,90,76,N/A,44.2,25,N/A,70,N/A,89.6,78,70,70
Azerbaijan,2001,50.3,30,17,N/A,71.8,86.8,N/A,55,N/A,65.1,66.8,30,30
Belarus,2001,38,30,34,N/A,66,41.9,N/A,40,N/A,0,70.2,30,30
Belgium,2001,63.8,90,53,N/A,33.2,22,N/A,70,N/A,88.3,78,70,70
Bosnia and Herzegovina,2001,36.6,10,10,N/A,67,0,N/A,40,N/A,75.2,67.6,30,30
Bulgaria,2001,51.9,50,33,N/A,58.1,67.3,N/A,55,N/A,26.2,57.2,70,50
Croatia,2001,50.7,30,27,N/A,66.9,33.7,N/A,55,N/A,71.7,71.6,50,50
Cyprus,2001,71,90,50,N/A,71.4,58.9,N/A,85,N/A,86.2,77,50,70
Czech Republic,2001,70.2,70,46,N/A,67.5,49.6,N/A,85,N/A,81.2,72.8,70,90
Denmark,2001,68.3,90,100,N/A,31.6,0,N/A,85,N/A,90.3,78,70,70
Estonia,2001,76.1,70,57,N/A,79.6,67.3,N/A,85,N/A,80.6,85,90,70
Finland,2001,69.7,90,98,N/A,55.6,28,N/A,70,N/A,87.9,78,70,50
France,2001,58,70,66,N/A,33.9,18.9,N/A,70,N/A,85,78,50,50
Georgia,2001,58.3,50,23,N/A,90.9,89.2,N/A,55,N/A,61.1,75.6,50,30
Germany,2001,69.5,90,80,N/A,44.7,33.7,N/A,70,N/A,89.4,78,90,50
Greece,2001,63.4,70,49,N/A,50.9,54.4,N/A,70,N/A,78.3,78,70,50
Hungary,2001,65.6,70,52,N/A,65.7,41.9,N/A,70,N/A,73.3,77.8,70,70
Iceland,2001,73.4,90,92,N/A,62.9,58.9,N/A,70,N/A,84.6,82.4,70,50
Ireland,2001,81.2,90,77,N/A,63,71.2,N/A,85,N/A,86.6,78,90,90
Italy,2001,63,70,47,N/A,47.1,28,N/A,70,N/A,86.5,78,70,70
Latvia,2001,66.4,50,34,N/A,75.5,65.3,N/A,70,N/A,83.2,80,70,70
Liechtenstein,2001,N/A,N/A,N/A,N/A,N/A,N/A,N/A,N/A,N/A,N/A,N/A,N/A,N/A
Lithuania,2001,65.5,50,38,N/A,71,73,N/A,70,N/A,84.8,82.8,70,50
Luxembourg,2001,80.1,90,88,N/A,52.5,58.9,N/A,85,N/A,88.6,78,90,90
Malta,2001,62.9,90,30,N/A,65.7,41.9,N/A,70,N/A,74.5,73.6,50,70
Moldova,2001,54.9,50,26,N/A,54.5,76.5,N/A,55,N/A,55.9,76.4,50,50
Montenegro,2001,N/A,N/A,N/A,N/A,N/A,N/A,N/A,N/A,N/A,N/A,N/A,N/A,N/A
Netherlands,2001,73,90,90,N/A,38.4,25,N/A,70,N/A,85.7,78,90,90
North Macedonia,2001,N/A,N/A,N/A,N/A,N/A,N/A,N/A,N/A,N/A,N/A,N/A,N/A,N/A
Norway,2001,67.1,90,89,N/A,56.7,36.5,N/A,70,N/A,80.3,81,50,50
Poland,2001,61.8,70,42,N/A,61.3,44.5,N/A,70,N/A,70.9,77.6,70,50
Portugal,2001,66,70,67,N/A,61.6,41.9,N/A,70,N/A,85.2,78,70,50
Romania,2001,50,30,33,N/A,57.6,79.7,N/A,55,N/A,41.4,73.4,50,30
Russia,2001,49.8,50,24,N/A,74.7,73,N/A,55,N/A,38.9,52.2,50,30
Serbia ,2001,N/A,N/A,N/A,N/A,N/A,N/A,N/A,N/A,N/A,N/A,N/A,N/A,N/A
Slovak Republic,2001,58.5,50,37,N/A,59.3,39.3,N/A,70,N/A,70.8,80.2,70,50
Slovenia,2001,61.8,70,60,N/A,52.8,47.1,N/A,85,N/A,73.6,67.4,50,50
Spain,2001,68.1,70,66,N/A,53.8,54.4,N/A,70,N/A,80.7,78,70,70
Sweden,2001,66.6,90,94,N/A,33.7,2.5,N/A,70,N/A,91.4,78,70,70
Switzerland,2001,76,90,89,N/A,80.1,22,N/A,70,N/A,90.2,83,70,90
Turkey,2001,60.6,70,36,N/A,66.9,73,N/A,70,N/A,36.4,73,70,50
Ukraine,2001,48.5,30,26,N/A,63.8,49.6,N/A,55,N/A,62.3,70,50,30
United Kingdom,2001,77.6,90,86,N/A,61.7,52,N/A,85,N/A,85.7,78,70,90
Albania,2000,53.6,30,10,N/A,80.2,74.8,N/A,70,N/A,59.7,57.8,70,30
Armenia,2000,63,50,30,N/A,79.3,86.8,N/A,55,N/A,69.1,77,50,70
Austria,2000,68.4,90,75,N/A,44.2,25,N/A,70,N/A,88.4,83,70,70
Azerbaijan,2000,49.8,30,30,N/A,71.3,76.5,N/A,55,N/A,70.7,55,30,30
Belarus,2000,41.3,30,39,N/A,58.3,39.3,N/A,55,N/A,32.5,57.6,30,30
Belgium,2000,63.5,90,54,N/A,33.1,18.9,N/A,70,N/A,87.9,77.8,70,70
Bosnia and Herzegovina,2000,45.1,10,10,N/A,82,52,N/A,40,N/A,83.3,69,30,30
Bulgaria,2000,47.3,50,29,N/A,67.9,54.4,N/A,55,N/A,0,49.8,70,50
Croatia,2000,53.6,30,50,N/A,68.9,41.9,N/A,55,N/A,70,67,50,50
Cyprus,2000,67.2,70,50,N/A,71.7,54.4,N/A,85,N/A,79.8,74.4,50,70
Czech Republic,2000,68.6,70,48,N/A,58.1,49.6,N/A,85,N/A,75,72,70,90
Denmark,2000,68.3,90,100,N/A,30.5,0,N/A,85,N/A,91.1,77.8,70,70
Estonia,2000,69.9,70,57,N/A,72.5,25,N/A,85,N/A,74.9,85,90,70
Finland,2000,64.3,90,96,N/A,37.2,0,N/A,70,N/A,87.8,78,70,50
France,2000,57.4,70,67,N/A,35.1,12.5,N/A,70,N/A,83.9,77.8,50,50
Georgia,2000,54.3,30,10,N/A,90.8,86.8,N/A,55,N/A,67.5,69,50,30
Germany,2000,65.7,90,79,N/A,38.6,28,N/A,70,N/A,88.1,78,70,50
Greece,2000,61,70,49,N/A,52.2,54.4,N/A,70,N/A,75.5,77.8,70,30
Hungary,2000,64.4,70,50,N/A,63.9,39.3,N/A,70,N/A,69.6,76.6,70,70
Iceland,2000,74,90,93,N/A,64.8,58.9,N/A,70,N/A,86.6,82.4,70,50
Ireland,2000,76.1,90,82,N/A,60.6,63.3,N/A,85,N/A,85.8,78,70,70
Italy,2000,61.9,70,46,N/A,45.6,22,N/A,70,N/A,85.7,77.8,70,70
Latvia,2000,63.4,50,27,N/A,76.8,47.1,N/A,70,N/A,78.5,81,70,70
Liechtenstein,2000,N/A,N/A,N/A,N/A,N/A,N/A,N/A,N/A,N/A,N/A,N/A,N/A,N/A
Lithuania,2000,61.9,50,30,N/A,70.5,63.3,N/A,70,N/A,72.3,81,70,50
Luxembourg,2000,76.4,90,87,N/A,51.3,67.3,N/A,85,N/A,88.3,79,70,70
Malta,2000,58.3,70,30,N/A,64.1,36.5,N/A,70,N/A,72.9,61,70,50
Moldova,2000,59.6,50,30,N/A,55.8,85.5,N/A,70,N/A,69.9,75,50,50
Montenegro,2000,N/A,N/A,N/A,N/A,N/A,N/A,N/A,N/A,N/A,N/A,N/A,N/A,N/A
Netherlands,2000,70.4,90,90,N/A,36.9,28,N/A,70,N/A,80.9,77.8,70,90
North Macedonia,2000,N/A,N/A,N/A,N/A,N/A,N/A,N/A,N/A,N/A,N/A,N/A,N/A,N/A
Norway,2000,70.1,90,90,N/A,57.3,41.9,N/A,70,N/A,80.4,81,70,50
Poland,2000,60,70,46,N/A,58.1,33.7,N/A,70,N/A,66.9,74.8,70,50
Portugal,2000,65.5,70,65,N/A,60.4,41.9,N/A,70,N/A,84.8,77.8,70,50
Romania,2000,52.1,30,30,N/A,58.3,63.3,N/A,55,N/A,38.1,74,70,50
Russia,2000,51.8,50,24,N/A,74.6,73,N/A,55,N/A,57.5,52.4,50,30
Serbia ,2000,N/A,N/A,N/A,N/A,N/A,N/A,N/A,N/A,N/A,N/A,N/A,N/A,N/A
Slovak Republic,2000,53.8,50,39,N/A,54.8,25,N/A,70,N/A,73.9,71.2,50,50
Slovenia,2000,58.3,70,50,N/A,52.9,36.5,N/A,70,N/A,71.9,73.6,50,50
Spain,2000,65.9,70,61,N/A,45.8,47.1,N/A,70,N/A,81,77.8,70,70
Sweden,2000,65.1,70,95,N/A,34.1,0,N/A,70,N/A,94.2,83,70,70
Switzerland,2000,76.8,90,89,N/A,80.7,28,N/A,70,N/A,92.2,81,70,90
Turkey,2000,63.4,70,34,N/A,67.2,82.7,N/A,70,N/A,31.8,75,70,70
Ukraine,2000,47.8,30,28,N/A,62.3,41.9,N/A,55,N/A,63,70,50,30
United Kingdom,2000,77.3,90,87,N/A,62.5,49.6,N/A,85,N/A,83.6,77.8,70,90
Albania,1999,53.4,30,10,N/A,82.9,72.5,N/A,70,N/A,57.8,57.8,70,30
Armenia,1999,56.4,50,30,N/A,80.3,82.1,N/A,55,N/A,55.5,75,30,50
Austria,1999,64,90,76,N/A,45.5,3.2,N/A,70,N/A,87.2,63.6,70,70
Azerbaijan,1999,47.4,30,30,N/A,71.6,87.5,N/A,55,N/A,37.8,55,30,30
Belarus,1999,35.4,30,10,N/A,44.9,45.3,N/A,55,N/A,15.9,57.6,30,30
Belgium,1999,62.9,90,53,N/A,33.5,15.7,N/A,70,N/A,86.7,77.8,70,70
Bosnia and Herzegovina,1999,29.4,10,10,N/A,78.8,16.7,N/A,40,N/A,0,69.4,30,10
Bulgaria,1999,46.2,50,30,N/A,68,46.3,N/A,55,N/A,0,46.8,70,50
Croatia,1999,53.1,30,50,N/A,68.4,38.4,N/A,55,N/A,72.1,63.8,50,50
Cyprus,1999,67.8,70,50,N/A,71.2,62.4,N/A,85,N/A,78.4,72.8,50,70
Czech Republic,1999,69.7,70,52,N/A,59.2,44.8,N/A,85,N/A,76.4,79.8,70,90
Denmark,1999,68.1,90,99,N/A,30.3,0,N/A,85,N/A,90.7,77.8,70,70
Estonia,1999,73.8,70,70,N/A,72.8,50.8,N/A,85,N/A,70.2,85,90,70
Finland,1999,63.9,90,95,N/A,38.4,0,N/A,70,N/A,88.6,73.2,70,50
France,1999,59.1,70,67,N/A,42.4,7.6,N/A,85,N/A,82.4,77.8,50,50
Georgia,1999,52.5,30,10,N/A,91.3,86.6,N/A,55,N/A,50.9,69,50,30
Germany,1999,65.6,90,82,N/A,38.3,24.1,N/A,70,N/A,86.6,79.4,70,50
Greece,1999,61,70,54,N/A,47.6,55.8,N/A,70,N/A,73.9,77.8,70,30
Hungary,1999,59.6,70,52,N/A,62.6,12.8,N/A,70,N/A,66.3,63.2,70,70
Iceland,1999,71.4,90,90,N/A,60.5,43.5,N/A,70,N/A,86.4,81.8,70,50
Ireland,1999,74.6,90,83,N/A,55.9,53,N/A,85,N/A,87.1,77.8,70,70
Italy,1999,61.6,70,50,N/A,46.9,15.1,N/A,70,N/A,84.5,77.8,70,70
Latvia,1999,64.2,50,30,N/A,77.1,56.7,N/A,70,N/A,72.9,81,70,70
Liechtenstein,1999,N/A,N/A,N/A,N/A,N/A,N/A,N/A,N/A,N/A,N/A,N/A,N/A,N/A
Lithuania,1999,61.5,50,30,N/A,72.4,64.9,N/A,70,N/A,65.1,81,70,50
Luxembourg,1999,72.4,90,86,N/A,46.5,37.9,N/A,85,N/A,87.4,79,70,70
Malta,1999,59.3,70,30,N/A,67.5,41.9,N/A,70,N/A,73.3,61,70,50
Moldova,1999,56.1,50,30,N/A,58.5,55.1,N/A,70,N/A,65.9,75,50,50
Montenegro,1999,N/A,N/A,N/A,N/A,N/A,N/A,N/A,N/A,N/A,N/A,N/A,N/A,N/A
Netherlands,1999,70.2,90,90,N/A,37.1,26.2,N/A,70,N/A,80.7,77.8,70,90
North Macedonia,1999,N/A,N/A,N/A,N/A,N/A,N/A,N/A,N/A,N/A,N/A,N/A,N/A,N/A
Norway,1999,68.6,90,89,N/A,57.9,27.4,N/A,70,N/A,80.5,82.4,70,50
Poland,1999,59.6,70,51,N/A,53.2,36,N/A,70,N/A,63.6,73,70,50
Portugal,1999,65.6,70,70,N/A,60.6,37.1,N/A,70,N/A,84.8,77.8,70,50
Romania,1999,50.1,30,34,N/A,45,65.1,N/A,55,N/A,27,74,70,50
Russia,1999,54.5,50,23,N/A,74.3,65.3,N/A,55,N/A,50.3,53.2,50,70
Serbia ,1999,N/A,N/A,N/A,N/A,N/A,N/A,N/A,N/A,N/A,N/A,N/A,N/A,N/A
Slovak Republic,1999,54.2,50,50,N/A,53,17.6,N/A,70,N/A,74,73,50,50
Slovenia,1999,61.3,70,50,N/A,52.4,39.5,N/A,70,N/A,70.8,59,70,70
Spain,1999,65.1,70,59,N/A,46.5,42.7,N/A,70,N/A,79.7,77.8,70,70
Sweden,1999,64.2,70,94,N/A,35.4,0,N/A,70,N/A,89.3,79.4,70,70
Switzerland,1999,79.1,90,86,N/A,80.4,54.4,N/A,70,N/A,89.7,81.6,70,90
Turkey,1999,59.2,70,32,N/A,57,57.1,N/A,70,N/A,31.8,74.4,70,70
Ukraine,1999,43.7,30,30,N/A,63,43,N/A,55,N/A,39.3,53,50,30
United Kingdom,1999,76.2,90,82,N/A,62.3,44.5,N/A,85,N/A,84.1,77.8,70,90
Albania,1998,53.9,30,10,N/A,82.1,66.5,N/A,70,N/A,67.7,59,70,30
Armenia,1998,49.6,50,30,N/A,80.9,75.1,N/A,55,N/A,0,75,30,50
Austria,1998,65.4,90,76,N/A,46.5,1.5,N/A,70,N/A,86,78.4,70,70
Azerbaijan,1998,43.1,30,30,N/A,70.3,87.9,N/A,55,N/A,0,55,30,30
Belarus,1998,38,30,10,N/A,43.4,44.5,N/A,55,N/A,0,79,30,50
Belgium,1998,64.7,90,68,N/A,33.7,16.4,N/A,70,N/A,86.1,77.8,70,70
Bosnia and Herzegovina,1998,29.4,10,10,N/A,78.8,16.7,N/A,40,N/A,0,69.4,30,10
Bulgaria,1998,45.7,50,30,N/A,53.5,48.8,N/A,55,N/A,25.2,49,50,50
Croatia,1998,51.7,30,50,N/A,68.3,39.5,N/A,55,N/A,61.8,60.8,50,50
Cyprus,1998,68.2,50,50,N/A,71.1,67.7,N/A,85,N/A,78.9,71.2,70,70
Czech Republic,1998,68.4,70,54,N/A,54.7,39.3,N/A,85,N/A,75.9,77.4,70,90
Denmark,1998,67.5,90,93,N/A,30.6,0,N/A,85,N/A,90.8,77.8,70,70
Estonia,1998,72.5,70,70,N/A,72.2,50.1,N/A,85,N/A,62.3,83,90,70
Finland,1998,63.5,90,91,N/A,38.5,0,N/A,70,N/A,89.5,73.2,70,50
France,1998,58.9,70,70,N/A,38.2,8.6,N/A,85,N/A,81.2,77.8,50,50
Georgia,1998,47.9,30,10,N/A,91.7,95.5,N/A,55,N/A,0,69,50,30
Germany,1998,64.3,90,83,N/A,37.8,26.8,N/A,55,N/A,87,79.4,70,50
Greece,1998,60.6,70,50,N/A,53.3,52.5,N/A,70,N/A,71.4,77.8,70,30
Hungary,1998,56.9,70,49,N/A,55.7,2.9,N/A,70,N/A,63.8,61,70,70
Iceland,1998,71.2,90,90,N/A,61.2,42.4,N/A,70,N/A,85.8,81.2,70,50
Ireland,1998,73.7,90,85,N/A,51.8,48.3,N/A,85,N/A,86.1,77.8,70,70
Italy,1998,59.1,70,34,N/A,43.3,14.5,N/A,70,N/A,81.9,77.8,70,70
Latvia,1998,63.4,50,30,N/A,77.5,56.2,N/A,70,N/A,66,81,70,70
Liechtenstein,1998,N/A,N/A,N/A,N/A,N/A,N/A,N/A,N/A,N/A,N/A,N/A,N/A,N/A
Lithuania,1998,59.4,50,30,N/A,70.7,59.4,N/A,70,N/A,53.9,81,70,50
Luxembourg,1998,72.7,90,90,N/A,45.6,37.9,N/A,85,N/A,87,79,70,70
Malta,1998,61.2,70,30,N/A,66.6,49.6,N/A,70,N/A,74.6,70.4,70,50
Moldova,1998,53.5,50,30,N/A,57.7,52.7,N/A,70,N/A,46.3,75,50,50
Montenegro,1998,N/A,N/A,N/A,N/A,N/A,N/A,N/A,N/A,N/A,N/A,N/A,N/A,N/A
Netherlands,1998,69.2,90,87,N/A,36.2,20.7,N/A,70,N/A,80.8,77.8,70,90
North Macedonia,1998,N/A,N/A,N/A,N/A,N/A,N/A,N/A,N/A,N/A,N/A,N/A,N/A,N/A
Norway,1998,68,90,89,N/A,57.9,20.1,N/A,70,N/A,82,83,70,50
Poland,1998,59.2,70,56,N/A,51.6,33.2,N/A,70,N/A,59.6,73,70,50
Portugal,1998,65,70,65,N/A,59.8,39.3,N/A,70,N/A,83.1,77.8,70,50
Romania,1998,54.4,30,50,N/A,43.9,64.3,N/A,55,N/A,52.1,74,70,50
Russia,1998,52.8,50,26,N/A,74.2,67.3,N/A,55,N/A,24.3,58.6,50,70
Serbia ,1998,N/A,N/A,N/A,N/A,N/A,N/A,N/A,N/A,N/A,N/A,N/A,N/A,N/A
Slovak Republic,1998,57.5,50,50,N/A,66.4,35.4,N/A,70,N/A,72.7,73,50,50
Slovenia,1998,60.7,70,50,N/A,51.8,37.3,N/A,70,N/A,68.4,59,70,70
Spain,1998,62.6,70,43,N/A,46.3,39.3,N/A,70,N/A,77.4,77.8,70,70
Sweden,1998,64,70,91,N/A,37.3,0,N/A,70,N/A,88.3,79.4,70,70
Switzerland,1998,79,90,88,N/A,77.4,56.2,N/A,70,N/A,88.5,81.6,70,90
Turkey,1998,60.9,70,35,N/A,58.4,68.5,N/A,70,N/A,31.8,73.8,70,70
Ukraine,1998,40.4,30,30,N/A,64.4,51,N/A,55,N/A,0,53,50,30
United Kingdom,1998,76.5,90,90,N/A,60.8,40.3,N/A,85,N/A,84.7,77.8,70,90
Albania,1997,54.8,50,10,N/A,81.5,60.3,N/A,70,N/A,62.9,59,70,30
Armenia,1997,46.7,50,30,N/A,80.7,41.7,N/A,55,N/A,0,83,30,50
Austria,1997,65.2,90,71,N/A,46.1,1.2,N/A,70,N/A,84.8,63.6,70,90
Azerbaijan,1997,34,30,10,N/A,54.6,61.6,N/A,55,N/A,0,55,10,30
Belarus,1997,39.8,50,10,N/A,38,32.9,N/A,70,N/A,0,77.2,30,50
Belgium,1997,64.6,90,69,N/A,33.7,14.8,N/A,70,N/A,86.4,77.8,70,70
Bosnia and Herzegovina,1997,N/A,N/A,N/A,N/A,N/A,N/A,N/A,N/A,N/A,N/A,N/A,N/A,N/A
Bulgaria,1997,47.6,50,30,N/A,48.9,37.3,N/A,55,N/A,36.5,71,50,50
Croatia,1997,46.7,30,50,N/A,74.4,50.5,N/A,55,N/A,0,60.8,50,50
Cyprus,1997,67.9,50,50,N/A,71.3,67.9,N/A,85,N/A,78.5,68.4,70,70
Czech Republic,1997,68.8,70,50,N/A,53.7,35.4,N/A,100,N/A,74.4,76,70,90
Denmark,1997,67.5,90,93,N/A,30.6,0,N/A,85,N/A,91,77.8,70,70
Estonia,1997,69.1,70,50,N/A,71.4,55.5,N/A,85,N/A,55.5,74,90,70
Finland,1997,65.2,90,91,N/A,54.9,0,N/A,70,N/A,83.3,77.8,70,50
France,1997,59.1,70,70,N/A,38.1,9.6,N/A,85,N/A,81.5,77.8,50,50
Georgia,1997,46.5,30,10,N/A,92,82.3,N/A,55,N/A,0,69,50,30
Germany,1997,67.5,90,81,N/A,37.8,28,N/A,70,N/A,85.6,75,70,70
Greece,1997,59.6,70,40,N/A,54,54.4,N/A,70,N/A,70.1,77.8,70,30
Hungary,1997,55.3,70,41,N/A,54.4,0,N/A,70,N/A,63,59,70,70
Iceland,1997,70.5,90,90,N/A,61.6,40.6,N/A,70,N/A,81.3,80.8,70,50
Ireland,1997,72.6,90,84,N/A,49.9,41.1,N/A,85,N/A,85.2,77.8,70,70
Italy,1997,58.1,70,30,N/A,43.2,10.6,N/A,70,N/A,81.1,77.8,70,70
Latvia,1997,62.4,50,30,N/A,78,56.2,N/A,85,N/A,57.4,65,70,70
Liechtenstein,1997,N/A,N/A,N/A,N/A,N/A,N/A,N/A,N/A,N/A,N/A,N/A,N/A,N/A
Lithuania,1997,57.3,50,30,N/A,75.6,58,N/A,70,N/A,33,79,70,50
Luxembourg,1997,72.8,90,90,N/A,45.2,40.6,N/A,85,N/A,85.8,79,70,70
Malta,1997,57.9,50,30,N/A,68.4,47.8,N/A,70,N/A,72.3,62.6,70,50
Moldova,1997,48.9,50,30,N/A,59,45.6,N/A,70,N/A,10.4,75,50,50
Montenegro,1997,N/A,N/A,N/A,N/A,N/A,N/A,N/A,N/A,N/A,N/A,N/A,N/A,N/A
Netherlands,1997,70.4,90,87,N/A,34.1,14.1,N/A,85,N/A,85.4,77.8,70,90
North Macedonia,1997,N/A,N/A,N/A,N/A,N/A,N/A,N/A,N/A,N/A,N/A,N/A,N/A,N/A
Norway,1997,65.1,90,86,N/A,58,12.2,N/A,70,N/A,80.6,69,70,50
Poland,1997,56.8,70,70,N/A,49.5,26.8,N/A,70,N/A,55.2,49.6,70,50
Portugal,1997,63.6,70,56,N/A,61,36.5,N/A,70,N/A,81.4,77.8,70,50
Romania,1997,50.8,30,30,N/A,44.3,65.5,N/A,55,N/A,39.1,73,70,50
Russia,1997,48.6,50,30,N/A,77.7,58.5,N/A,55,N/A,0,46,50,70
Serbia ,1997,N/A,N/A,N/A,N/A,N/A,N/A,N/A,N/A,N/A,N/A,N/A,N/A,N/A
Slovak Republic,1997,55.5,50,50,N/A,66.4,22,N/A,70,N/A,68.1,73,50,50
Slovenia,1997,55.6,50,50,N/A,51.4,36.2,N/A,70,N/A,64,59,50,70
Spain,1997,59.6,70,44,N/A,45.8,32.9,N/A,70,N/A,76.3,77.8,70,50
Sweden,1997,63.3,70,89,N/A,39.5,0,N/A,70,N/A,84.8,77,70,70
Switzerland,1997,78.6,90,88,N/A,77.7,54.4,N/A,70,N/A,86.7,80.6,70,90
Turkey,1997,60.8,70,41,N/A,57.3,61.8,N/A,70,N/A,29.8,77.8,70,70
Ukraine,1997,43.5,50,30,N/A,61.1,49.1,N/A,55,N/A,0,66,50,30
United Kingdom,1997,76.4,90,90,N/A,61.7,39.3,N/A,85,N/A,84,77.8,70,90
Albania,1996,53.8,50,10,N/A,81.7,51,N/A,70,N/A,42.6,59,70,50
Armenia,1996,42.2,50,50,N/A,75.8,0,N/A,55,N/A,0,69,30,50
Austria,1996,68.9,90,90,N/A,45.9,0,N/A,70,N/A,83.6,81,70,90
Azerbaijan,1996,30,30,10,N/A,46.3,48.8,N/A,40,N/A,0,55,10,30
Belarus,1996,38.7,50,10,N/A,38,0,N/A,70,N/A,0,60,50,70
Belgium,1996,66,90,90,N/A,33.9,7.3,N/A,70,N/A,85,77.8,70,70
Bosnia and Herzegovina,1996,N/A,N/A,N/A,N/A,N/A,N/A,N/A,N/A,N/A,N/A,N/A,N/A,N/A
Bulgaria,1996,48.6,50,30,N/A,50.6,30.6,N/A,55,N/A,30,71,70,50
Croatia,1996,48,50,30,N/A,77.4,50.5,N/A,55,N/A,0,69,50,50
Cyprus,1996,67.7,50,50,N/A,71.9,67.9,N/A,85,N/A,76,68.4,70,70
Czech Republic,1996,68.1,70,50,N/A,47.5,38.2,N/A,100,N/A,72.5,75,70,90
Denmark,1996,67.3,90,90,N/A,31.5,0,N/A,85,N/A,91.4,77.8,70,70
Estonia,1996,65.4,70,50,N/A,73.2,59.2,N/A,85,N/A,17.3,74,90,70
Finland,1996,63.7,90,90,N/A,58.4,0,N/A,55,N/A,82.3,77.8,70,50
France,1996,63.7,70,90,N/A,60.6,8.3,N/A,85,N/A,81.4,77.8,50,50
Georgia,1996,44.1,30,10,N/A,92,61.3,N/A,55,N/A,0,69,50,30
Germany,1996,69.1,90,90,N/A,44,27.1,N/A,70,N/A,83.5,77.8,70,70
Greece,1996,60.5,70,50,N/A,58,50.5,N/A,70,N/A,67.9,77.8,70,30
Hungary,1996,56.8,70,50,N/A,55.8,0,N/A,70,N/A,66.6,59,70,70
Iceland,1996,N/A,N/A,N/A,N/A,N/A,N/A,N/A,N/A,N/A,N/A,N/A,N/A,N/A
Ireland,1996,68.5,90,50,N/A,49.1,39,N/A,85,N/A,85.6,77.8,70,70
Italy,1996,60.8,70,90,N/A,42.2,0.1,N/A,70,N/A,77,77.8,70,50
Latvia,1996,55,50,50,N/A,78,50.8,N/A,70,N/A,41.1,55,50,50
Liechtenstein,1996,N/A,N/A,N/A,N/A,N/A,N/A,N/A,N/A,N/A,N/A,N/A,N/A,N/A
Lithuania,1996,49.7,50,30,N/A,76.6,62.4,N/A,70,N/A,12.9,65,50,30
Luxembourg,1996,72.5,90,90,N/A,46.6,37.1,N/A,85,N/A,84.7,79,70,70
Malta,1996,55.8,50,10,N/A,67.7,50.8,N/A,70,N/A,72.5,61,70,50
Moldova,1996,52.5,50,30,N/A,75.1,72.1,N/A,70,N/A,0,75,50,50
Montenegro,1996,N/A,N/A,N/A,N/A,N/A,N/A,N/A,N/A,N/A,N/A,N/A,N/A,N/A
Netherlands,1996,69.7,90,90,N/A,33.8,6.6,N/A,85,N/A,84.4,77.8,70,90
North Macedonia,1996,N/A,N/A,N/A,N/A,N/A,N/A,N/A,N/A,N/A,N/A,N/A,N/A,N/A
Norway,1996,65.4,90,90,N/A,58.9,8.9,N/A,70,N/A,81.7,69,70,50
Poland,1996,57.8,70,70,N/A,48,32.6,N/A,70,N/A,52.4,57,70,50
Portugal,1996,64.5,70,70,N/A,61.5,31.5,N/A,70,N/A,79.7,77.8,70,50
Romania,1996,46.2,30,30,N/A,42.4,64.9,N/A,55,N/A,11.9,61.6,70,50
Russia,1996,51.6,50,30,N/A,75.5,66.5,N/A,70,N/A,0,52,70,50
Serbia ,1996,N/A,N/A,N/A,N/A,N/A,N/A,N/A,N/A,N/A,N/A,N/A,N/A,N/A
Slovak Republic,1996,57.6,50,50,N/A,66.4,22,N/A,70,N/A,65.1,75,70,50
Slovenia,1996,50.4,30,30,N/A,69.3,34.6,N/A,70,N/A,60.5,59,30,70
Spain,1996,59.6,70,50,N/A,45.8,26.8,N/A,70,N/A,76.2,77.8,70,50
Sweden,1996,61.8,70,90,N/A,45.2,0,N/A,70,N/A,84.5,77,70,50
Switzerland,1996,76.8,70,90,N/A,78,53.4,N/A,70,N/A,91.6,78,90,70
Turkey,1996,56.7,70,10,N/A,44.3,57.1,N/A,85,N/A,28.9,75,70,70
Ukraine,1996,40.6,30,30,N/A,57.7,47.1,N/A,55,N/A,0,66,50,30
United Kingdom,1996,76.4,90,90,N/A,62.1,37.3,N/A,85,N/A,85.2,77.8,70,90
Albania,1995,49.7,50,10,N/A,81.7,34.3,N/A,70,N/A,22.1,59,70,50
Armenia,1995,N/A,N/A,N/A,N/A,N/A,N/A,N/A,N/A,N/A,N/A,N/A,N/A,N/A
Austria,1995,70,90,90,N/A,46.3,9.6,N/A,70,N/A,82.9,81,70,90
Azerbaijan,1995,N/A,N/A,N/A,N/A,N/A,N/A,N/A,N/A,N/A,N/A,N/A,N/A,N/A
Belarus,1995,40.4,50,10,N/A,42,31.5,N/A,70,N/A,0,60,50,50
Belgium,1995,N/A,N/A,N/A,N/A,N/A,N/A,N/A,N/A,N/A,N/A,N/A,N/A,N/A
Bosnia and Herzegovina,1995,N/A,N/A,N/A,N/A,N/A,N/A,N/A,N/A,N/A,N/A,N/A,N/A,N/A
Bulgaria,1995,50,50,30,N/A,46,50.5,N/A,55,N/A,26.3,72.4,70,50
Croatia,1995,N/A,N/A,N/A,N/A,N/A,N/A,N/A,N/A,N/A,N/A,N/A,N/A,N/A
Cyprus,1995,N/A,N/A,N/A,N/A,N/A,N/A,N/A,N/A,N/A,N/A,N/A,N/A,N/A
Czech Republic,1995,67.8,70,50,N/A,46.7,38.2,N/A,100,N/A,69.2,76,70,90
Denmark,1995,N/A,N/A,N/A,N/A,N/A,N/A,N/A,N/A,N/A,N/A,N/A,N/A,N/A
Estonia,1995,65.2,70,50,N/A,82,63.3,N/A,85,N/A,0,77,90,70
Finland,1995,N/A,N/A,N/A,N/A,N/A,N/A,N/A,N/A,N/A,N/A,N/A,N/A,N/A
France,1995,64.4,70,90,N/A,60.8,15.7,N/A,85,N/A,80.5,77.8,50,50
Georgia,1995,N/A,N/A,N/A,N/A,N/A,N/A,N/A,N/A,N/A,N/A,N/A,N/A,N/A
Germany,1995,69.8,90,90,N/A,33.2,30.6,N/A,85,N/A,81.6,77.8,70,70
Greece,1995,61.2,70,50,N/A,62.5,55.3,N/A,70,N/A,65.3,77.8,70,30
Hungary,1995,55.2,70,50,N/A,46.8,0,N/A,85,N/A,64.2,61,70,50
Iceland,1995,N/A,N/A,N/A,N/A,N/A,N/A,N/A,N/A,N/A,N/A,N/A,N/A,N/A
Ireland,1995,68.5,90,50,N/A,49.1,38.7,N/A,85,N/A,86.1,77.8,70,70
Italy,1995,61.2,70,70,N/A,43.6,3.6,N/A,85,N/A,81.1,77.8,70,50
Latvia,1995,N/A,N/A,N/A,N/A,N/A,N/A,N/A,N/A,N/A,N/A,N/A,N/A,N/A
Liechtenstein,1995,N/A,N/A,N/A,N/A,N/A,N/A,N/A,N/A,N/A,N/A,N/A,N/A,N/A
Lithuania,1995,N/A,N/A,N/A,N/A,N/A,N/A,N/A,N/A,N/A,N/A,N/A,N/A,N/A
Luxembourg,1995,N/A,N/A,N/A,N/A,N/A,N/A,N/A,N/A,N/A,N/A,N/A,N/A,N/A
Malta,1995,56.3,50,10,N/A,68.2,51.8,N/A,70,N/A,73.4,63.6,70,50
Moldova,1995,33,50,10,N/A,37.3,72.1,N/A,70,N/A,0,17.6,30,10
Montenegro,1995,N/A,N/A,N/A,N/A,N/A,N/A,N/A,N/A,N/A,N/A,N/A,N/A,N/A
Netherlands,1995,N/A,N/A,N/A,N/A,N/A,N/A,N/A,N/A,N/A,N/A,N/A,N/A,N/A
North Macedonia,1995,N/A,N/A,N/A,N/A,N/A,N/A,N/A,N/A,N/A,N/A,N/A,N/A,N/A
Norway,1995,N/A,N/A,N/A,N/A,N/A,N/A,N/A,N/A,N/A,N/A,N/A,N/A,N/A
Poland,1995,50.7,50,50,N/A,51,9.6,N/A,70,N/A,48.7,57,70,50
Portugal,1995,62.4,70,70,N/A,60.5,36,N/A,70,N/A,77.7,77.8,50,50
Romania,1995,42.9,30,10,N/A,39.4,52.2,N/A,55,N/A,0,79,70,50
Russia,1995,51.1,50,10,N/A,75.5,67.1,N/A,85,N/A,0,52,70,50
Serbia ,1995,N/A,N/A,N/A,N/A,N/A,N/A,N/A,N/A,N/A,N/A,N/A,N/A,N/A
Slovak Republic,1995,60.4,70,50,N/A,57.7,22.3,N/A,85,N/A,63.3,75,70,50
Slovenia,1995,N/A,N/A,N/A,N/A,N/A,N/A,N/A,N/A,N/A,N/A,N/A,N/A,N/A
Spain,1995,62.8,70,50,N/A,45.2,36.8,N/A,70,N/A,75.8,77.8,70,70
Sweden,1995,61.4,70,90,N/A,44,0,N/A,70,N/A,81.5,77,70,50
Switzerland,1995,N/A,N/A,N/A,N/A,N/A,N/A,N/A,N/A,N/A,N/A,N/A,N/A,N/A
Turkey,1995,58.4,70,10,N/A,44.5,63.3,N/A,85,N/A,38.2,74.8,70,70
Ukraine,1995,39.9,30,10,N/A,61.8,47.1,N/A,55,N/A,0,55,50,50
United Kingdom,1995,77.9,90,90,N/A,61.3,37.3,N/A,100,N/A,85,77.8,70,90
